catalog_page,category,part_numbers,c1,c2,c3,c4,c5,c6,raw_line
B79,Wormgearbox 0.625 Hollow Shaft 14 mm Hollow Shaft,60392050;60391050,i=5 60392050 60391050,,,,,,i=5 60392050 60391050
B79,Wormgearbox 0.625 Hollow Shaft 14 mm Hollow Shaft,60392080;60391080,i=7 .5 60392080 60391080,,,,,,i=7 .5 60392080 60391080
B79,Wormgearbox 0.625 Hollow Shaft 14 mm Hollow Shaft,60392100;60391100,i=10 60392100 60391100,,,,,,i=10 60392100 60391100
B79,Wormgearbox 0.625 Hollow Shaft 14 mm Hollow Shaft,60392130;60391130,i=12.5 60392130 60391130,,,,,,i=12.5 60392130 60391130
B79,Wormgearbox 0.625 Hollow Shaft 14 mm Hollow Shaft,60392150;60391150,i=15 60392150 60391150,,,,,,i=15 60392150 60391150
B79,Wormgearbox 0.625 Hollow Shaft 14 mm Hollow Shaft,60392200;60391200,i=20 60392200 60391200,,,,,,i=20 60392200 60391200
B79,Wormgearbox 0.625 Hollow Shaft 14 mm Hollow Shaft,60392250;60391250,i=25 60392250 60391250,,,,,,i=25 60392250 60391250
B79,Wormgearbox 0.625 Hollow Shaft 14 mm Hollow Shaft,60392300;60391300,i=30 60392300 60391300,,,,,,i=30 60392300 60391300
B79,Wormgearbox 0.625 Hollow Shaft 14 mm Hollow Shaft,60392400;60391400,i=40 60392400 60391400,,,,,,i=40 60392400 60391400
B79,Wormgearbox 0.625 Hollow Shaft 14 mm Hollow Shaft,60392500;60391500,i=50 60392500 60391500,,,,,,i=50 60392500 60391500
B79,Wormgearbox 0.625 Hollow Shaft 14 mm Hollow Shaft,60392600;60391600,i=60 60392600 60391600,,,,,,i=60 60392600 60391600
B79,Wormgearbox 0.625 Hollow Shaft 14 mm Hollow Shaft,60392800;60391800,i=80 60392800 60391800,,,,,,i=80 60392800 60391800
B79,Wormgearbox 0.625 Hollow Shaft 14 mm Hollow Shaft,60392000;60391000,i=100 60392000 60391000,,,,,,i=100 60392000 60391000
B79,C-face 230/460V-60Hz Standard Efficiency Motor Part Number,31110012,"63S/4-56C 230/460V-60Hz, 1/6 hp 31110012",,,,,,"63S/4-56C 230/460V-60Hz, 1/6 hp 31110012"
B79,C-face 230/460V-60Hz Standard Efficiency Motor Part Number,31610012,"63L/4-56C 230/460V-60Hz, 1/4 hp 31610012",,,,,,"63L/4-56C 230/460V-60Hz, 1/4 hp 31610012"
B79,C-face 230/460V-60Hz Standard Efficiency Motor Part Number,32110012,"71S/4-56C 230/460V-60Hz, 1/3 hp 32110012",,,,,,"71S/4-56C 230/460V-60Hz, 1/3 hp 32110012"
B79,C-face 230/460V-60Hz Standard Efficiency Motor Part Number,32610012,"71L/4-56C 230/460V-60Hz, 1/2 hp 32610012",,,,,,"71L/4-56C 230/460V-60Hz, 1/2 hp 32610012"
B79,C-face 230/460V-60Hz Standard Efficiency Motor Part Number,33110012,"80S/4-56C 230/460V-60Hz, 3/4 hp 33110012",,,,,,"80S/4-56C 230/460V-60Hz, 3/4 hp 33110012"
B79,C-face 230/460V-60Hz Standard Efficiency Motor Part Number,33610022,"80L/4-56C 230/460V-60Hz, 1 hp 33610022",,,,,,"80L/4-56C 230/460V-60Hz, 1 hp 33610022"
B79,C-face 575V-60Hz Standard Efficiency Motor Part Number,31110013,"63S/4-56C 575V-60Hz, 1/6 hp 31110013",,,,,,"63S/4-56C 575V-60Hz, 1/6 hp 31110013"
B79,C-face 575V-60Hz Standard Efficiency Motor Part Number,31610013,"63L/4-56C 575V-60Hz, 1/4 hp 31610013",,,,,,"63L/4-56C 575V-60Hz, 1/4 hp 31610013"
B79,C-face 575V-60Hz Standard Efficiency Motor Part Number,32110013,"71S/4-56C 575V-60Hz, 1/3 hp 32110013",,,,,,"71S/4-56C 575V-60Hz, 1/3 hp 32110013"
B79,C-face 575V-60Hz Standard Efficiency Motor Part Number,32610013,"71L/4-56C 575V-60Hz, 1/2 hp 32610013",,,,,,"71L/4-56C 575V-60Hz, 1/2 hp 32610013"
B79,C-face 575V-60Hz Standard Efficiency Motor Part Number,33110013,"80S/4-56C 575V-60Hz, 3/4 hp 33110013",,,,,,"80S/4-56C 575V-60Hz, 3/4 hp 33110013"
B79,C-face 230/460V-60Hz Energy Efficient Motor Part Number,33610094,"80LH/4-56C 230/460V-60Hz, 1 hp 33610094",,,,,,"80LH/4-56C 230/460V-60Hz, 1 hp 33610094"
B79,C-face 575V-60Hz Energy Efficient Motor Part Number,33610095,"80LH/4-56C 575V-60Hz, 1 hp 33610095",,,,,,"80LH/4-56C 575V-60Hz, 1 hp 33610095"
B79,C-face 230/460V-60Hz Premium Efficient Motor Part Number,33610294,"80LP/4-56C 230/460V-60Hz, 1 hp 33610294",,,,,,"80LP/4-56C 230/460V-60Hz, 1 hp 33610294"
B79,C-face 575V-60Hz Premium Efficient Motor Part Number,33610295,"80LP/4-56C 575V-60Hz, 1 hp 33610295",,,,,,"80LP/4-56C 575V-60Hz, 1 hp 33610295"
B79,NEMA and IEC Adapter  94 & 118 Part Number,60395500,NEMA 48C 60395500,,,,,,NEMA 48C 60395500
B79,NEMA and IEC Adapter  94 & 118 Part Number,60395510,NEMA 56C 60395510,,,,,,NEMA 56C 60395510
B79,NEMA and IEC Adapter  94 & 118 Part Number,60395100,IEC 56 B14 C105 60395100,,,,,,IEC 56 B14 C105 60395100
B79,NEMA and IEC Adapter  94 & 118 Part Number,60395200,IEC 56 B5 A120 60395200,,,,,,IEC 56 B5 A120 60395200
B79,NEMA and IEC Adapter  94 & 118 Part Number,60395010,IEC 63 B14 C90 60395010,,,,,,IEC 63 B14 C90 60395010
B79,NEMA and IEC Adapter  94 & 118 Part Number,60395110,IEC 63 B14 C120 60395110,,,,,,IEC 63 B14 C120 60395110
B79,NEMA and IEC Adapter  94 & 118 Part Number,60395210,IEC 63 B5 A140 60395210,,,,,,IEC 63 B5 A140 60395210
B79,NEMA and IEC Adapter  94 & 118 Part Number,60395020,IEC 71 B14 C105 60395020,,,,,,IEC 71 B14 C105 60395020
B79,NEMA and IEC Adapter  94 & 118 Part Number,60395120,IEC 71 B14 C140 60395120,,,,,,IEC 71 B14 C140 60395120
B79,Plug in Shaft - Inch  122 Part Number,60393010,Shaft 0.625” x 30mm 60393010,,,,,,Shaft 0.625” x 30mm 60393010
B79,Plug in Shaft - Inch  122 Part Number,60393110,Double Shaft 0.625” x 30mm 60393110,,,,,,Double Shaft 0.625” x 30mm 60393110
B79,Plug in Shaft - Inch  122 Part Number,60393210,Shaft for Output Flange B5 0.625” x 30mm 60393210,,,,,,Shaft for Output Flange B5 0.625” x 30mm 60393210
B79,Plug in Shaft - Metric   122 Part Number,60393000,Shaft 14mm x 30mm 60393000,,,,,,Shaft 14mm x 30mm 60393000
B79,Plug in Shaft - Metric   122 Part Number,60393100,Double Shaft 14mm x 30mm 60393100,,,,,,Double Shaft 14mm x 30mm 60393100
B79,Plug in Shaft - Metric   122 Part Number,60393200,Shaft for Output Flange B5 14mm x 30mm 60393200,,,,,,Shaft for Output Flange B5 14mm x 30mm 60393200
B79,Plug in Shaft - Metric   122 Part Number,60393800,I Flange - 105mm 60393800,,,,,,I Flange - 105mm 60393800
B79,Plug in Shaft - Metric   122 Part Number,60393810,"II Flange - 80mm, Square Flange, Female Pilot 60393810",,,,,,"II Flange - 80mm, Square Flange, Female Pilot 60393810"
B79,Plug in Shaft - Metric   122 Part Number,60393820,"III Flange - 80mm, Square Flange, Male Pilot 60393820",,,,,,"III Flange - 80mm, Square Flange, Male Pilot 60393820"
B79,Shaft Cover  95 Part Number,60393950,Shaft Cover 60393950,,,,,,Shaft Cover 60393950
B79,Shaft Cover  95 Part Number,60393900,Torque Arm 60393900,,,,,,Torque Arm 60393900
B79,Shaft Cover  95 Part Number,60394600,Foot Plate 0.68” / 3.31” x 4.38” 60394600,,,,,,Foot Plate 0.68” / 3.31” x 4.38” 60394600
B79,Shaft Cover  95 Part Number,60693500,Open Vent 60693500,,,,,,Open Vent 60693500
B79,Shaft Cover  95 Part Number,22008056,AUTOVENT™ 22008056,,,,,,AUTOVENT™ 22008056
B79,Shaft Cover  95 Part Number,60382910,Fixing Kit (Inch) 60382910,,,,,,Fixing Kit (Inch) 60382910
B79,Shaft Cover  95 Part Number,60382330,Fixing Kit (metric) 60382330,,,,,,Fixing Kit (metric) 60382330
B81,Gearbox 1.000 hollow shaft 18mm hollow shaft,60492050;60491050,i=5 60492050 60491050,,,,,,i=5 60492050 60491050
B81,Gearbox 1.000 hollow shaft 18mm hollow shaft,60492080;60491080,i=7 .5 60492080 60491080,,,,,,i=7 .5 60492080 60491080
B81,Gearbox 1.000 hollow shaft 18mm hollow shaft,60492100;60491100,i=10 60492100 60491100,,,,,,i=10 60492100 60491100
B81,Gearbox 1.000 hollow shaft 18mm hollow shaft,60492130;60491130,i=12.5 60492130 60491130,,,,,,i=12.5 60492130 60491130
B81,Gearbox 1.000 hollow shaft 18mm hollow shaft,60492150;60491150,i=15 60492150 60491150,,,,,,i=15 60492150 60491150
B81,Gearbox 1.000 hollow shaft 18mm hollow shaft,60492200;60491200,i=20 60492200 60491200,,,,,,i=20 60492200 60491200
B81,Gearbox 1.000 hollow shaft 18mm hollow shaft,60492250;60491250,i=25 60492250 60491250,,,,,,i=25 60492250 60491250
B81,Gearbox 1.000 hollow shaft 18mm hollow shaft,60492300;60491300,i=30 60492300 60491300,,,,,,i=30 60492300 60491300
B81,Gearbox 1.000 hollow shaft 18mm hollow shaft,60492400;60491400,i=40 60492400 60491400,,,,,,i=40 60492400 60491400
B81,Gearbox 1.000 hollow shaft 18mm hollow shaft,60492500;60491500,i=50 60492500 60491500,,,,,,i=50 60492500 60491500
B81,Gearbox 1.000 hollow shaft 18mm hollow shaft,60492600;60491600,i=60 60492600 60491600,,,,,,i=60 60492600 60491600
B81,Gearbox 1.000 hollow shaft 18mm hollow shaft,60492800;60491800,i=80 60492800 60491800,,,,,,i=80 60492800 60491800
B81,Gearbox 1.000 hollow shaft 18mm hollow shaft,60492000;60491000,i=100 60492000 60491000,,,,,,i=100 60492000 60491000
B81,NEMA and IEC Adapters  98 & 118 Part Number,60495500,NEMA 56C 60495500,,,,,,NEMA 56C 60495500
B81,NEMA and IEC Adapters  98 & 118 Part Number,60595500,NEMA 140TC 60595500,,,,,,NEMA 140TC 60595500
B81,NEMA and IEC Adapters  98 & 118 Part Number,60495100,IEC 56 B14 C105 60495100,,,,,,IEC 56 B14 C105 60495100
B81,NEMA and IEC Adapters  98 & 118 Part Number,60495200,IEC 56 B5 A120 60495200,,,,,,IEC 56 B5 A120 60495200
B81,NEMA and IEC Adapters  98 & 118 Part Number,60495010,IEC 63 B14 C90 60495010,,,,,,IEC 63 B14 C90 60495010
B81,NEMA and IEC Adapters  98 & 118 Part Number,60495110,IEC 63 B14 C120 60495110,,,,,,IEC 63 B14 C120 60495110
B81,NEMA and IEC Adapters  98 & 118 Part Number,60495210,IEC 63 B5 A140 60495210,,,,,,IEC 63 B5 A140 60495210
B81,NEMA and IEC Adapters  98 & 118 Part Number,60495020,IEC 71 B14 C105 60495020,,,,,,IEC 71 B14 C105 60495020
B81,NEMA and IEC Adapters  98 & 118 Part Number,60495120,IEC 71 B14 C140 60495120,,,,,,IEC 71 B14 C140 60495120
B81,NEMA and IEC Adapters  98 & 118 Part Number,60495220,IEC 71 B5 A160 60495220,,,,,,IEC 71 B5 A160 60495220
B81,NEMA and IEC Adapters  98 & 118 Part Number,60495030,IEC 80 B14 C120 60495030,,,,,,IEC 80 B14 C120 60495030
B81,NEMA and IEC Adapters  98 & 118 Part Number,60495130,IEC 80 B14 C160 60495130,,,,,,IEC 80 B14 C160 60495130
B81,NEMA and IEC Adapters  98 & 118 Part Number,60495230,IEC 80 B5 A200 60495230,,,,,,IEC 80 B5 A200 60495230
B81,NEMA and IEC Adapters  98 & 118 Part Number,60495040,IEC 90 B14 C140 60495040,,,,,,IEC 90 B14 C140 60495040
B81,NEMA and IEC Adapters  98 & 118 Part Number,60495140,IEC 90 B14 C160 60495140,,,,,,IEC 90 B14 C160 60495140
B81,NEMA and IEC Adapters  98 & 118 Part Number,60495240,IEC 90 B5 A200 60495240,,,,,,IEC 90 B5 A200 60495240
B81,Plug in Shaft - Inch  122 Part Number,60493010,Shaft 0.750” x 40mm 60493010,,,,,,Shaft 0.750” x 40mm 60493010
B81,Plug in Shaft - Inch  122 Part Number,60493110,Double Shaft 0.750” x 40mm 60493110,,,,,,Double Shaft 0.750” x 40mm 60493110
B81,Plug in Shaft - Inch  122 Part Number,60493210,Shaft for Output Flange B5 0.750” x 40mm 60493210,,,,,,Shaft for Output Flange B5 0.750” x 40mm 60493210
B81,Plug in Shaft - Metric  122 Part Number,60493000,Shaft 18mm x 40mm 60493000,,,,,,Shaft 18mm x 40mm 60493000
B81,Plug in Shaft - Metric  122 Part Number,60493100,Double Shaft,18mm x 40mm 60493100,,,,,Double Shaft  18mm x 40mm 60493100
B81,Plug in Shaft - Metric  122 Part Number,60493200,Shaft for Output Flange B5 18mm x 40mm 60493200,,,,,,Shaft for Output Flange B5 18mm x 40mm 60493200
B81,Plug in Shaft - Metric  122 Part Number,60493800,I Flange - 120mm 60493800,,,,,,I Flange - 120mm 60493800
B81,Plug in Shaft - Metric  122 Part Number,60493810,"II Flange - 110mm, Sqare Flange, Female Pilot 60493810",,,,,,"II Flange - 110mm, Sqare Flange, Female Pilot 60493810"
B81,Shaft Cover  99 Part Number,60493950,Shaft Cover 60493950,,,,,,Shaft Cover 60493950
B81,Shaft Cover  99 Part Number,60493900,130mm Torque Arm I 60493900,,,,,,130mm Torque Arm I 60493900
B81,Shaft Cover  99 Part Number,60490770,100mm Torque Arm III 60490770,,,,,,100mm Torque Arm III 60490770
B81,Shaft Cover  99 Part Number,60494600,Foot Plate 0.53” / 4.31”x 5.25” 60494600,,,,,,Foot Plate 0.53” / 4.31”x 5.25” 60494600
B81,Shaft Cover  99 Part Number,60693500,Open Vent 60693500,,,,,,Open Vent 60693500
B81,Shaft Cover  99 Part Number,22008056,AUTOVENT™ 22008056,,,,,,AUTOVENT™ 22008056
B81,Shaft Cover  99 Part Number,60494000,Helical Input Stage H10 60494000,,,,,,Helical Input Stage H10 60494000
B81,Double Worm Adapter  116 Part Number,60494110,Inch 0.625” (requires,) 60494110,,,,,Inch 0.625” (requires     ) 60494110
B81,Double Worm Adapter  116 Part Number,60494100,Metric 14mm (requires,) 60494100,,,,,Metric 14mm (requires     ) 60494100
B81,Solid Input Shaft  119 Part Number,60494210,Solid Input Shaft 0.625” x 1.57” 60494210,,,,,,Solid Input Shaft 0.625” x 1.57” 60494210
B81,Solid Input Shaft  119 Part Number,60494200,Solid Input Shaft 16mm x 40mm 60494200,,,,,,Solid Input Shaft 16mm x 40mm 60494200
B81,Solid Input Shaft  119 Part Number,60282930,Fixing Kit (Inch) 60282930,,,,,,Fixing Kit (Inch) 60282930
B81,Solid Input Shaft  119 Part Number,60482340,Fixing (Metric) 60482340,,,,,,Fixing (Metric) 60482340
B81,C-face 230/460V-60Hz Standard Efficiency Motor Part Number,31110012,"63S/4-56C 230/460V-60Hz, 1/6 hp 31110012",,,,,,"63S/4-56C 230/460V-60Hz, 1/6 hp 31110012"
B81,C-face 230/460V-60Hz Standard Efficiency Motor Part Number,31610012,"63L/4-56C 230/460V-60Hz, 1/4 hp 31610012",,,,,,"63L/4-56C 230/460V-60Hz, 1/4 hp 31610012"
B81,C-face 230/460V-60Hz Standard Efficiency Motor Part Number,32110012,"71S/4-56C 230/460V-60Hz, 1/3 hp 32110012",,,,,,"71S/4-56C 230/460V-60Hz, 1/3 hp 32110012"
B81,C-face 230/460V-60Hz Standard Efficiency Motor Part Number,32610012,"71L/4-56C 230/460V-60Hz, 1/2 hp 32610012",,,,,,"71L/4-56C 230/460V-60Hz, 1/2 hp 32610012"
B81,C-face 230/460V-60Hz Standard Efficiency Motor Part Number,33110012,"80S/4-56C 230/460V-60Hz, 3/4 hp 33110012",,,,,,"80S/4-56C 230/460V-60Hz, 3/4 hp 33110012"
B81,C-face 230/460V-60Hz Standard Efficiency Motor Part Number,33610022,"80L/4-56C 230/460V-60Hz, 1 hp 33610022",,,,,,"80L/4-56C 230/460V-60Hz, 1 hp 33610022"
B81,C-face 575V-60Hz Standard Efficiency Motor Part Number,31110013,"63S/4-56C 575V-60Hz, 1/6 hp 31110013",,,,,,"63S/4-56C 575V-60Hz, 1/6 hp 31110013"
B81,C-face 575V-60Hz Standard Efficiency Motor Part Number,31610013,"63L/4-56C 575V-60Hz, 1/4 hp 31610013",,,,,,"63L/4-56C 575V-60Hz, 1/4 hp 31610013"
B81,C-face 575V-60Hz Standard Efficiency Motor Part Number,32110013,"71S/4-56C 575V-60Hz, 1/3 hp 32110013",,,,,,"71S/4-56C 575V-60Hz, 1/3 hp 32110013"
B81,C-face 575V-60Hz Standard Efficiency Motor Part Number,32610013,"71L/4-56C 575V-60Hz, 1/2 hp 32610013",,,,,,"71L/4-56C 575V-60Hz, 1/2 hp 32610013"
B81,C-face 230/460V-60Hz Energy Efficient Motor Part Number,33610094,"80LH/4-56C 230/460V-60Hz, 1 hp 33610094",,,,,,"80LH/4-56C 230/460V-60Hz, 1 hp 33610094"
B81,C-face 230/460V-60Hz Energy Efficient Motor Part Number,33610092,"80LH/4-143TC 230/460V-60Hz, 1 hp 33610092",,,,,,"80LH/4-143TC 230/460V-60Hz, 1 hp 33610092"
B81,C-face 230/460V-60Hz Energy Efficient Motor Part Number,34110092,"90SH/4-145TC 230/460V-60Hz, 1-1/2 hp 34110092",,,,,,"90SH/4-145TC 230/460V-60Hz, 1-1/2 hp 34110092"
B81,C-face 230/460V-60Hz Energy Efficient Motor Part Number,34610092,"90LH/4-145TC 230/460V-60Hz, 2 hp 34610092",,,,,,"90LH/4-145TC 230/460V-60Hz, 2 hp 34610092"
B81,C-face 575V-60Hz Energy Efficient Motor Part Number,33610095,"80LH/4-56C 575V-60Hz, 1 hp 33610095",,,,,,"80LH/4-56C 575V-60Hz, 1 hp 33610095"
B81,C-face 575V-60Hz Energy Efficient Motor Part Number,33610093,"80LH/4-143TC 575V-60Hz, 1 hp 33610093",,,,,,"80LH/4-143TC 575V-60Hz, 1 hp 33610093"
B81,C-face 575V-60Hz Energy Efficient Motor Part Number,34110093,"90SH/4-145TC 575V-60Hz, 1-1/2 hp 34110093",,,,,,"90SH/4-145TC 575V-60Hz, 1-1/2 hp 34110093"
B81,C-face 575V-60Hz Energy Efficient Motor Part Number,34610093,"90LH/4-145TC 575V-60Hz, 2 hp 34610093",,,,,,"90LH/4-145TC 575V-60Hz, 2 hp 34610093"
B81,C-face 230/460V-60Hz Premium Efficient Motor Part Number,33610294,"80LP/4-56C 230/460V-60Hz, 1 hp 33610294",,,,,,"80LP/4-56C 230/460V-60Hz, 1 hp 33610294"
B81,C-face 230/460V-60Hz Premium Efficient Motor Part Number,33610292,"80LP/4-143TC 230/460V-60Hz, 1 hp 33610292",,,,,,"80LP/4-143TC 230/460V-60Hz, 1 hp 33610292"
B81,C-face 230/460V-60Hz Premium Efficient Motor Part Number,34110292,"90SP/4-145TC 230/460V-60Hz, 1-1/2 hp 34110292",,,,,,"90SP/4-145TC 230/460V-60Hz, 1-1/2 hp 34110292"
B81,C-face 230/460V-60Hz Premium Efficient Motor Part Number,34610292,"90LP/4-145TC 230/460V-60Hz, 2 hp 34610292",,,,,,"90LP/4-145TC 230/460V-60Hz, 2 hp 34610292"
B81,C-face 575V-60Hz Premium Efficient Motor Part Number,33610295,"80LP/4-56C 575V-60Hz, 1 hp 33610295",,,,,,"80LP/4-56C 575V-60Hz, 1 hp 33610295"
B81,C-face 575V-60Hz Premium Efficient Motor Part Number,33610293,"80LP/4-143TC 575V-60Hz, 1 hp 33610293",,,,,,"80LP/4-143TC 575V-60Hz, 1 hp 33610293"
B81,C-face 575V-60Hz Premium Efficient Motor Part Number,34110293,"90SP/4-145TC 575V-60Hz, 1-1/2 hp 34110293",,,,,,"90SP/4-145TC 575V-60Hz, 1-1/2 hp 34110293"
B81,C-face 575V-60Hz Premium Efficient Motor Part Number,34610293,"90LP/4-145TC 575V-60Hz, 2 hp 34610293",,,,,,"90LP/4-145TC 575V-60Hz, 2 hp 34610293"
B83,Wormgearbox 1.125 hollow shaft 25mm hollow shaft,60592050;60591050,i=5 60592050 60591050,,,,,,i=5 60592050 60591050
B83,Wormgearbox 1.125 hollow shaft 25mm hollow shaft,60592080;60591080,i=7 .5 60592080 60591080,,,,,,i=7 .5 60592080 60591080
B83,Wormgearbox 1.125 hollow shaft 25mm hollow shaft,60592100;60591100,i=10 60592100 60591100,,,,,,i=10 60592100 60591100
B83,Wormgearbox 1.125 hollow shaft 25mm hollow shaft,60592130;60591130,i=12.5 60592130 60591130,,,,,,i=12.5 60592130 60591130
B83,Wormgearbox 1.125 hollow shaft 25mm hollow shaft,60592150;60591150,i=15 60592150 60591150,,,,,,i=15 60592150 60591150
B83,Wormgearbox 1.125 hollow shaft 25mm hollow shaft,60592200;60591200,i=20 60592200 60591200,,,,,,i=20 60592200 60591200
B83,Wormgearbox 1.125 hollow shaft 25mm hollow shaft,60592250;60591250,i=25 60592250 60591250,,,,,,i=25 60592250 60591250
B83,Wormgearbox 1.125 hollow shaft 25mm hollow shaft,60592300;60591300,i=30 60592300 60591300,,,,,,i=30 60592300 60591300
B83,Wormgearbox 1.125 hollow shaft 25mm hollow shaft,60592400;60591400,i=40 60592400 60591400,,,,,,i=40 60592400 60591400
B83,Wormgearbox 1.125 hollow shaft 25mm hollow shaft,60592500;60591500,i=50 60592500 60591500,,,,,,i=50 60592500 60591500
B83,Wormgearbox 1.125 hollow shaft 25mm hollow shaft,60592600;60591600,i=60 60592600 60591600,,,,,,i=60 60592600 60591600
B83,Wormgearbox 1.125 hollow shaft 25mm hollow shaft,60592800;60591800,i=80 60592800 60591800,,,,,,i=80 60592800 60591800
B83,Wormgearbox 1.125 hollow shaft 25mm hollow shaft,60592000;60591000,i=100 60592000 60591000,,,,,,i=100 60592000 60591000
B83,NEMA and IEC Adapter  102 & 118 Part Number,60495500,NEMA 56C 60495500,,,,,,NEMA 56C 60495500
B83,NEMA and IEC Adapter  102 & 118 Part Number,60595500,NEMA 140TC 60595500,,,,,,NEMA 140TC 60595500
B83,NEMA and IEC Adapter  102 & 118 Part Number,60495100,IEC 56 B14 C105 60495100,,,,,,IEC 56 B14 C105 60495100
B83,NEMA and IEC Adapter  102 & 118 Part Number,60495200,IEC 56 B5 A120 60495200,,,,,,IEC 56 B5 A120 60495200
B83,NEMA and IEC Adapter  102 & 118 Part Number,60495010,IEC 63 B14 C90 60495010,,,,,,IEC 63 B14 C90 60495010
B83,NEMA and IEC Adapter  102 & 118 Part Number,60495110,IEC 63 B14 C120 60495110,,,,,,IEC 63 B14 C120 60495110
B83,NEMA and IEC Adapter  102 & 118 Part Number,60495210,IEC 63 B5 A140 60495210,,,,,,IEC 63 B5 A140 60495210
B83,NEMA and IEC Adapter  102 & 118 Part Number,60495020,IEC 71 B14 C105 60495020,,,,,,IEC 71 B14 C105 60495020
B83,NEMA and IEC Adapter  102 & 118 Part Number,60495120,IEC 71 B14 C140 60495120,,,,,,IEC 71 B14 C140 60495120
B83,NEMA and IEC Adapter  102 & 118 Part Number,60495220,IEC 71 B5 A160 60495220,,,,,,IEC 71 B5 A160 60495220
B83,NEMA and IEC Adapter  102 & 118 Part Number,60495030,IEC 80 B14 C120 60495030,,,,,,IEC 80 B14 C120 60495030
B83,NEMA and IEC Adapter  102 & 118 Part Number,60495130,IEC 80 B14 C160 60495130,,,,,,IEC 80 B14 C160 60495130
B83,NEMA and IEC Adapter  102 & 118 Part Number,60495230,IEC 80 B5 A200 60495230,,,,,,IEC 80 B5 A200 60495230
B83,NEMA and IEC Adapter  102 & 118 Part Number,60495040,IEC 90 B14 C140 60495040,,,,,,IEC 90 B14 C140 60495040
B83,NEMA and IEC Adapter  102 & 118 Part Number,60495140,IEC 90 B14 C160 60495140,,,,,,IEC 90 B14 C160 60495140
B83,NEMA and IEC Adapter  102 & 118 Part Number,60495240,IEC 90 B5 A200 60495240,,,,,,IEC 90 B5 A200 60495240
B83,Plug in Shaft - Inch  122 Part Number,60593010,Shaft 1.000” x 50mm 60593010,,,,,,Shaft 1.000” x 50mm 60593010
B83,Plug in Shaft - Inch  122 Part Number,60593110,Double Shaft 1.000” x 50mm 60593110,,,,,,Double Shaft 1.000” x 50mm 60593110
B83,Plug in Shaft - Inch  122 Part Number,60593210,Shaft for Output Flange B5 1.000” x 50mm 60593210,,,,,,Shaft for Output Flange B5 1.000” x 50mm 60593210
B83,Plug in Shaft - Metric  122 Part Number,60593000,Shaft 25mm x 50mm 60593000,,,,,,Shaft 25mm x 50mm 60593000
B83,Plug in Shaft - Metric  122 Part Number,60593100,Double Shaft,25mm x 50mm 60593100,,,,,Double Shaft  25mm x 50mm 60593100
B83,Plug in Shaft - Metric  122 Part Number,60593200,Shaft for Output Flange B5 25mm x 50mm 60593200,,,,,,Shaft for Output Flange B5 25mm x 50mm 60593200
B83,Hollow Shaft Bushing  103 Part Number,60593400,Hollow Shaft Bushing 1.00” 60593400,,,,,,Hollow Shaft Bushing 1.00” 60593400
B83,Hollow Shaft Bushing  103 Part Number,60593800,I Flange - 160mm 60593800,,,,,,I Flange - 160mm 60593800
B83,Hollow Shaft Bushing  103 Part Number,60593810,"II Flange - 125mm, Square Flange, Female Pilot 60593810",,,,,,"II Flange - 125mm, Square Flange, Female Pilot 60593810"
B83,Hollow Shaft Bushing  103 Part Number,60593820,"III Flange - 125mm, Square Flange, Male Pilot 60593820",,,,,,"III Flange - 125mm, Square Flange, Male Pilot 60593820"
B83,Shaft Cover  103 Part Number,60593950,Shaft Cover 60593950,,,,,,Shaft Cover 60593950
B83,Shaft Cover  103 Part Number,60593900,130 mm Torque Arm I 60593900,,,,,,130 mm Torque Arm I 60593900
B83,Shaft Cover  103 Part Number,60593920,110 mm Torque Arm II 60593920,,,,,,110 mm Torque Arm II 60593920
B83,Shaft Cover  103 Part Number,60593910,100 mm Torque Arm III 60593910,,,,,,100 mm Torque Arm III 60593910
B83,C-face 230/460V-60Hz Standard Efficiency Motor Part Number,31110012,"63S/4-56C 230/460V-60Hz, 1/6 hp 31110012",,,,,,"63S/4-56C 230/460V-60Hz, 1/6 hp 31110012"
B83,C-face 230/460V-60Hz Standard Efficiency Motor Part Number,31610012,"63L/4-56C 230/460V-60Hz, 1/4 hp 31610012",,,,,,"63L/4-56C 230/460V-60Hz, 1/4 hp 31610012"
B83,C-face 230/460V-60Hz Standard Efficiency Motor Part Number,32110012,"71S/4-56C 230/460V-60Hz, 1/3 hp 32110012",,,,,,"71S/4-56C 230/460V-60Hz, 1/3 hp 32110012"
B83,C-face 230/460V-60Hz Standard Efficiency Motor Part Number,32610012,"71L/4-56C 230/460V-60Hz, 1/2 hp 32610012",,,,,,"71L/4-56C 230/460V-60Hz, 1/2 hp 32610012"
B83,C-face 230/460V-60Hz Standard Efficiency Motor Part Number,33110012,"80S/4-56C 230/460V-60Hz, 3/4 hp 33110012",,,,,,"80S/4-56C 230/460V-60Hz, 3/4 hp 33110012"
B83,C-face 230/460V-60Hz Standard Efficiency Motor Part Number,33610022,"80L/4-56C 230/460V-60Hz, 1 hp 33610022",,,,,,"80L/4-56C 230/460V-60Hz, 1 hp 33610022"
B83,C-face 575V-60Hz Standard Efficiency Motor Part Number,31110013,"63S/4-56C 575V-60Hz, 1/6 hp 31110013",,,,,,"63S/4-56C 575V-60Hz, 1/6 hp 31110013"
B83,C-face 575V-60Hz Standard Efficiency Motor Part Number,31610013,"63L/4-56C 575V-60Hz, 1/4 hp 31610013",,,,,,"63L/4-56C 575V-60Hz, 1/4 hp 31610013"
B83,C-face 575V-60Hz Standard Efficiency Motor Part Number,32110013,"71S/4-56C 575V-60Hz, 1/3 hp 32110013",,,,,,"71S/4-56C 575V-60Hz, 1/3 hp 32110013"
B83,C-face 575V-60Hz Standard Efficiency Motor Part Number,32610013,"71L/4-56C 575V-60Hz, 1/2 hp 32610013",,,,,,"71L/4-56C 575V-60Hz, 1/2 hp 32610013"
B83,C-face 230/460V-60Hz Energy Efficient Motor Part Number,33610094,"80LH/4-56C 230/460V-60Hz, 1 hp 33610094",,,,,,"80LH/4-56C 230/460V-60Hz, 1 hp 33610094"
B83,C-face 230/460V-60Hz Energy Efficient Motor Part Number,33610092,"80LH/4-143TC 230/460V-60Hz, 1 hp 33610092",,,,,,"80LH/4-143TC 230/460V-60Hz, 1 hp 33610092"
B83,C-face 230/460V-60Hz Energy Efficient Motor Part Number,34110092,"90SH/4-145TC 230/460V-60Hz, 1-1/2 hp 34110092",,,,,,"90SH/4-145TC 230/460V-60Hz, 1-1/2 hp 34110092"
B83,C-face 230/460V-60Hz Energy Efficient Motor Part Number,34610092,"90LH/4-145TC 230/460V-60Hz, 2 hp 34610092",,,,,,"90LH/4-145TC 230/460V-60Hz, 2 hp 34610092"
B83,C-face 575V-60Hz Energy Efficient Motor Part Number,33610095,"80LH/4-56C 575V-60Hz, 1 hp 33610095",,,,,,"80LH/4-56C 575V-60Hz, 1 hp 33610095"
B83,C-face 575V-60Hz Energy Efficient Motor Part Number,33610093,"80LH/4-143TC 575V-60Hz, 1 hp 33610093",,,,,,"80LH/4-143TC 575V-60Hz, 1 hp 33610093"
B83,C-face 575V-60Hz Energy Efficient Motor Part Number,34110093,"90SH/4-145TC 575V-60Hz, 1-1/2 hp 34110093",,,,,,"90SH/4-145TC 575V-60Hz, 1-1/2 hp 34110093"
B83,C-face 575V-60Hz Energy Efficient Motor Part Number,34610093,"90LH/4-145TC 575V-60Hz, 2 hp 34610093",,,,,,"90LH/4-145TC 575V-60Hz, 2 hp 34610093"
B83,C-face 230/460V-60Hz Energy Efficient Motor Part Number,33610294,"80LP/4-56C 230/460V-60Hz, 1 hp 33610294",,,,,,"80LP/4-56C 230/460V-60Hz, 1 hp 33610294"
B83,C-face 230/460V-60Hz Energy Efficient Motor Part Number,33610292,"80LP/4-143TC 230/460V-60Hz, 1 hp 33610292",,,,,,"80LP/4-143TC 230/460V-60Hz, 1 hp 33610292"
B83,C-face 230/460V-60Hz Energy Efficient Motor Part Number,34110292,"90SP/4-145TC 230/460V-60Hz, 1-1/2 hp 34110292",,,,,,"90SP/4-145TC 230/460V-60Hz, 1-1/2 hp 34110292"
B83,C-face 230/460V-60Hz Energy Efficient Motor Part Number,34610292,"90LP/4-145TC 230/460V-60Hz, 2 hp 34610292",,,,,,"90LP/4-145TC 230/460V-60Hz, 2 hp 34610292"
B83,C-face 575V-60Hz Energy Efficient Motor Part Number,33610295,"80LP/4-56C 575V-60Hz, 1 hp 33610295",,,,,,"80LP/4-56C 575V-60Hz, 1 hp 33610295"
B83,C-face 575V-60Hz Energy Efficient Motor Part Number,33610293,"80LP/4-143TC 575V-60Hz, 1 hp 33610293",,,,,,"80LP/4-143TC 575V-60Hz, 1 hp 33610293"
B83,C-face 575V-60Hz Energy Efficient Motor Part Number,34110293,"90SP/4-145TC 575V-60Hz, 1-1/2 hp 34110293",,,,,,"90SP/4-145TC 575V-60Hz, 1-1/2 hp 34110293"
B83,C-face 575V-60Hz Energy Efficient Motor Part Number,34610293,"90LP/4-145TC 575V-60Hz, 2 hp 34610293",,,,,,"90LP/4-145TC 575V-60Hz, 2 hp 34610293"
B83,C-face 575V-60Hz Energy Efficient Motor Part Number,60494000,Helical Input Stage H10 60494000,,,,,,Helical Input Stage H10 60494000
B83,Double Worm Adapter  116 Part Number,60494110,Inch 0.625” (requires,) 60494110,,,,,Inch 0.625” (requires     ) 60494110
B83,Double Worm Adapter  116 Part Number,60494100,Metric 14mm (requires,) 60494100,,,,,Metric 14mm (requires     ) 60494100
B83,Solid Input Shaft  119 Part Number,60494210,Solid Input Shaft 0.625” x 1.57” 60494210,,,,,,Solid Input Shaft 0.625” x 1.57” 60494210
B83,Solid Input Shaft  119 Part Number,60494200,Solid Input Shaft 16mm x 40mm 60494200,,,,,,Solid Input Shaft 16mm x 40mm 60494200
B83,Solid Input Shaft  119 Part Number,60594600,Foot Plate 0.64” / 4.69”x 6.38” 60594600,,,,,,Foot Plate 0.64” / 4.69”x 6.38” 60594600
B83,Solid Input Shaft  119 Part Number,60693500,Open Vent 60693500,,,,,,Open Vent 60693500
B83,Solid Input Shaft  119 Part Number,22008056,AUTOVENT™ 22008056,,,,,,AUTOVENT™ 22008056
B83,Solid Input Shaft  119 Part Number,60282930,Fixing Kit (Inch) 60282930,,,,,,Fixing Kit (Inch) 60282930
B83,Solid Input Shaft  119 Part Number,60282310,Fixing (Metric) 60282310,,,,,,Fixing (Metric) 60282310
B85,CONFIGURATION,60494000,Helical Input Stage H10 60494000,,,,,,Helical Input Stage H10 60494000
B85,Double Worm Adapter  116 Part Number,60494110,Inch 0.625” (requires,) 60494110,,,,,Inch 0.625” (requires     ) 60494110
B85,Double Worm Adapter  116 Part Number,60494100,Metric 14mm (requires,) 60494100,,,,,Metric 14mm (requires     ) 60494100
B85,Solid Input Shaft  119 Part Number,60494210,Solid Input Shaft 0.625” x 1.57” 60494210,,,,,,Solid Input Shaft 0.625” x 1.57” 60494210
B85,Solid Input Shaft  119 Part Number,60494200,Solid Input Shaft 16mm x 40mm 60494200,,,,,,Solid Input Shaft 16mm x 40mm 60494200
B85,Solid Input Shaft  119 Part Number,60693900,Torque Arm 60693900,,,,,,Torque Arm 60693900
B85,Wormgearbox 1.4375 Hollow Shaft 25mm Hollow Shaft,60692050;60691050,i=5 60692050 60691050,,,,,,i=5 60692050 60691050
B85,Wormgearbox 1.4375 Hollow Shaft 25mm Hollow Shaft,60692080;60691080,i=7 .5 60692080 60691080,,,,,,i=7 .5 60692080 60691080
B85,Wormgearbox 1.4375 Hollow Shaft 25mm Hollow Shaft,60692130;60691130,i=12.5 60692130 60691130,,,,,,i=12.5 60692130 60691130
B85,Wormgearbox 1.4375 Hollow Shaft 25mm Hollow Shaft,60692100;60691100,i=10 60692100 60691100,,,,,,i=10 60692100 60691100
B85,Wormgearbox 1.4375 Hollow Shaft 25mm Hollow Shaft,60692150;60691150,i=15 60692150 60691150,,,,,,i=15 60692150 60691150
B85,Wormgearbox 1.4375 Hollow Shaft 25mm Hollow Shaft,60692200;60691200,i=20 60692200 60691200,,,,,,i=20 60692200 60691200
B85,Wormgearbox 1.4375 Hollow Shaft 25mm Hollow Shaft,60692250;60691250,i=25 60692250 60691250,,,,,,i=25 60692250 60691250
B85,Wormgearbox 1.4375 Hollow Shaft 25mm Hollow Shaft,60692300;60691300,i=30 60692300 60691300,,,,,,i=30 60692300 60691300
B85,Wormgearbox 1.4375 Hollow Shaft 25mm Hollow Shaft,60692400;60691400,i=40 60692400 60691400,,,,,,i=40 60692400 60691400
B85,Wormgearbox 1.4375 Hollow Shaft 25mm Hollow Shaft,60692500;60691500,i=50 60692500 60691500,,,,,,i=50 60692500 60691500
B85,Wormgearbox 1.4375 Hollow Shaft 25mm Hollow Shaft,60692600;60691600,i=60 60692600 60691600,,,,,,i=60 60692600 60691600
B85,Wormgearbox 1.4375 Hollow Shaft 25mm Hollow Shaft,60692800;60691800,i=80 60692800 60691800,,,,,,i=80 60692800 60691800
B85,Wormgearbox 1.4375 Hollow Shaft 25mm Hollow Shaft,60692000;60691000,i=100 60692000 60691000,,,,,,i=100 60692000 60691000
B85,NEMA and IEC Adapter 106 & 118 Part Number,60495500,NEMA 56C 60495500,,,,,,NEMA 56C 60495500
B85,NEMA and IEC Adapter 106 & 118 Part Number,60595500,NEMA 140TC 60595500,,,,,,NEMA 140TC 60595500
B85,NEMA and IEC Adapter 106 & 118 Part Number,60695500,NEMA 180TC 60695500,,,,,,NEMA 180TC 60695500
B85,NEMA and IEC Adapter 106 & 118 Part Number,60495100,IEC 56 B14 C105 60495100,,,,,,IEC 56 B14 C105 60495100
B85,NEMA and IEC Adapter 106 & 118 Part Number,60495200,IEC 56 B5 A120 60495200,,,,,,IEC 56 B5 A120 60495200
B85,NEMA and IEC Adapter 106 & 118 Part Number,60495010,IEC 63 B14 C90 60495010,,,,,,IEC 63 B14 C90 60495010
B85,NEMA and IEC Adapter 106 & 118 Part Number,60495110,IEC 63 B14 C120 60495110,,,,,,IEC 63 B14 C120 60495110
B85,NEMA and IEC Adapter 106 & 118 Part Number,60495210,IEC 63 B5 A140 60495210,,,,,,IEC 63 B5 A140 60495210
B85,NEMA and IEC Adapter 106 & 118 Part Number,60495020,IEC 71 B14 C105 60495020,,,,,,IEC 71 B14 C105 60495020
B85,NEMA and IEC Adapter 106 & 118 Part Number,60495120,IEC 71 B14 C140 60495120,,,,,,IEC 71 B14 C140 60495120
B85,NEMA and IEC Adapter 106 & 118 Part Number,60495220,IEC 71 B5 A160 60495220,,,,,,IEC 71 B5 A160 60495220
B85,NEMA and IEC Adapter 106 & 118 Part Number,60495030,IEC 80 B14 C120 60495030,,,,,,IEC 80 B14 C120 60495030
B85,NEMA and IEC Adapter 106 & 118 Part Number,60495130,IEC 80 B14 C160 60495130,,,,,,IEC 80 B14 C160 60495130
B85,NEMA and IEC Adapter 106 & 118 Part Number,60495230,IEC 80 B5 A200 60495230,,,,,,IEC 80 B5 A200 60495230
B85,NEMA and IEC Adapter 106 & 118 Part Number,60695040,IEC 90 B14 C140 60695040,,,,,,IEC 90 B14 C140 60695040
B85,NEMA and IEC Adapter 106 & 118 Part Number,60695140,IEC 90 B14 C160 60695140,,,,,,IEC 90 B14 C160 60695140
B85,NEMA and IEC Adapter 106 & 118 Part Number,60695240,IEC 90 B5 A200 60695240,,,,,,IEC 90 B5 A200 60695240
B85,Plug in Shaft - Inch  122 Part Number,60693010,Shaft 1.125” x 60mm 60693010,,,,,,Shaft 1.125” x 60mm 60693010
B85,Plug in Shaft - Inch  122 Part Number,60693110,Double Shaft 1.125” x 60mm 60693110,,,,,,Double Shaft 1.125” x 60mm 60693110
B85,Plug in Shaft - Inch  122 Part Number,60693210,Shaft for Output Flange B5 1.125” x 60mm 60693210,,,,,,Shaft for Output Flange B5 1.125” x 60mm 60693210
B85,Plug in Shaft - Metric  122 Part Number,60693000,Plug-in Shaft 25mm x 50mm 60693000,,,,,,Plug-in Shaft 25mm x 50mm 60693000
B85,Plug in Shaft - Metric  122 Part Number,60693100,Double Plug-in Shaft 25mm x 50mm 60693100,,,,,,Double Plug-in Shaft 25mm x 50mm 60693100
B85,Plug in Shaft - Metric  122 Part Number,60693200,Shaft for Output Flange B5 25mm x 50mm 60693200,,,,,,Shaft for Output Flange B5 25mm x 50mm 60693200
B85,Hollow Shaft Bushing  107 Part Number,60693400,Hollow Shaft Bushing 1.00” 60693400,,,,,,Hollow Shaft Bushing 1.00” 60693400
B85,Hollow Shaft Bushing  107 Part Number,60693410,Hollow Shaft Bushing 1.1875” 60693410,,,,,,Hollow Shaft Bushing 1.1875” 60693410
B85,Hollow Shaft Bushing  107 Part Number,60693420,Hollow Shaft Bushing 1.25” 60693420,,,,,,Hollow Shaft Bushing 1.25” 60693420
B85,Hollow Shaft Bushing  107 Part Number,60693800,I Flange - 200mm 60693800,,,,,,I Flange - 200mm 60693800
B85,Hollow Shaft Bushing  107 Part Number,60693810,"II Flange - 180mm, Square Flange, Female Pilot 60693810",,,,,,"II Flange - 180mm, Square Flange, Female Pilot 60693810"
B85,Hollow Shaft Bushing  107 Part Number,60693820,"IV Flange, 160mm 60693820",,,,,,"IV Flange, 160mm 60693820"
B85,Shaft Cover  107 Part Number,60693950,Shaft Cover 60693950,,,,,,Shaft Cover 60693950
B85,C-face 230/460V-60Hz Standard Efficiency Motor Part Number,31110012,"63S/4-56C 230/460V-60Hz, 1/6 hp 31110012",,,,,,"63S/4-56C 230/460V-60Hz, 1/6 hp 31110012"
B85,C-face 230/460V-60Hz Standard Efficiency Motor Part Number,31610012,"63L/4-56C 230/460V-60Hz, 1/4 hp 31610012",,,,,,"63L/4-56C 230/460V-60Hz, 1/4 hp 31610012"
B85,C-face 230/460V-60Hz Standard Efficiency Motor Part Number,32110012,"71S/4-56C 230/460V-60Hz, 1/3 hp 32110012",,,,,,"71S/4-56C 230/460V-60Hz, 1/3 hp 32110012"
B85,C-face 230/460V-60Hz Standard Efficiency Motor Part Number,32610012,"71L/4-56C 230/460V-60Hz, 1/2 hp 32610012",,,,,,"71L/4-56C 230/460V-60Hz, 1/2 hp 32610012"
B85,C-face 230/460V-60Hz Standard Efficiency Motor Part Number,33110012,"80S/4-56C 230/460V-60Hz, 3/4 hp 33110012",,,,,,"80S/4-56C 230/460V-60Hz, 3/4 hp 33110012"
B85,C-face 230/460V-60Hz Standard Efficiency Motor Part Number,33610022,"80L/4-56C 230/460V-60Hz, 1 hp 33610022",,,,,,"80L/4-56C 230/460V-60Hz, 1 hp 33610022"
B85,C-face 575V-60Hz Standard Efficiency Motor Part Number,31110013,"63S/4-56C 575V-60Hz, 1/6 hp 31110013",,,,,,"63S/4-56C 575V-60Hz, 1/6 hp 31110013"
B85,C-face 575V-60Hz Standard Efficiency Motor Part Number,31610013,"63L/4-56C 575V-60Hz, 1/4 hp 31610013",,,,,,"63L/4-56C 575V-60Hz, 1/4 hp 31610013"
B85,C-face 575V-60Hz Standard Efficiency Motor Part Number,32110013,"71S/4-56C 575V-60Hz, 1/3 hp 32110013",,,,,,"71S/4-56C 575V-60Hz, 1/3 hp 32110013"
B85,C-face 575V-60Hz Standard Efficiency Motor Part Number,32610013,"71L/4-56C 575V-60Hz, 1/2 hp 32610013",,,,,,"71L/4-56C 575V-60Hz, 1/2 hp 32610013"
B85,C-face 575V-60Hz Standard Efficiency Motor Part Number,33110013,"80S/4-56C 575V-60Hz, 3/4 hp 33110013",,,,,,"80S/4-56C 575V-60Hz, 3/4 hp 33110013"
B85,C-face 230/460V-60Hz Energy Efficient Motor Part Number,33610094,"80LH/4-56C 230/460V-60Hz, 1 hp 33610094",,,,,,"80LH/4-56C 230/460V-60Hz, 1 hp 33610094"
B85,C-face 230/460V-60Hz Energy Efficient Motor Part Number,33610092,"80LH/4-143TC 230/460V-60Hz, 1 hp 33610092",,,,,,"80LH/4-143TC 230/460V-60Hz, 1 hp 33610092"
B85,C-face 230/460V-60Hz Energy Efficient Motor Part Number,34110092,"90SH/4-145TC 230/460V-60Hz, 1-1/2 hp 34110092",,,,,,"90SH/4-145TC 230/460V-60Hz, 1-1/2 hp 34110092"
B85,C-face 230/460V-60Hz Energy Efficient Motor Part Number,34610092,"90LH/4-145TC 230/460V-60Hz, 2 hp 34610092",,,,,,"90LH/4-145TC 230/460V-60Hz, 2 hp 34610092"
B85,C-face 230/460V-60Hz Energy Efficient Motor Part Number,35110092,"100LH/4-182TC 230/460V-60Hz, 3 hp 35110092",,,,,,"100LH/4-182TC 230/460V-60Hz, 3 hp 35110092"
B85,C-face 230/460V-60Hz Energy Efficient Motor Part Number,36110092,"112MH/4-184TC 230/460V-60Hz, 5 hp 36110092",,,,,,"112MH/4-184TC 230/460V-60Hz, 5 hp 36110092"
B85,C-face 575V-60Hz Energy Efficient Motor Part Number,33610095,"80LH/4-56C 575V-60Hz, 1 hp 33610095",,,,,,"80LH/4-56C 575V-60Hz, 1 hp 33610095"
B85,C-face 575V-60Hz Energy Efficient Motor Part Number,33610093,"80LH/4-143TC 575V-60Hz, 1 hp 33610093",,,,,,"80LH/4-143TC 575V-60Hz, 1 hp 33610093"
B85,C-face 575V-60Hz Energy Efficient Motor Part Number,34110093,"90SH/4-145TC 575V-60Hz, 1-1/2 hp 34110093",,,,,,"90SH/4-145TC 575V-60Hz, 1-1/2 hp 34110093"
B85,C-face 575V-60Hz Energy Efficient Motor Part Number,34610093,"90LH/4-145TC 575V-60Hz, 2 hp 34610093",,,,,,"90LH/4-145TC 575V-60Hz, 2 hp 34610093"
B85,C-face 575V-60Hz Energy Efficient Motor Part Number,35110093,"100LH/4-182TC 575V-60Hz, 3 hp 35110093",,,,,,"100LH/4-182TC 575V-60Hz, 3 hp 35110093"
B85,C-face 575V-60Hz Energy Efficient Motor Part Number,36110093,"112MH/4-184TC 575V-60Hz, 5 hp 36110093",,,,,,"112MH/4-184TC 575V-60Hz, 5 hp 36110093"
B85,C-face 230/460V-60Hz Energy Efficient Motor Part Number,33610294,"80LP/4-56C 230/460V-60Hz, 1 hp 33610294",,,,,,"80LP/4-56C 230/460V-60Hz, 1 hp 33610294"
B85,C-face 230/460V-60Hz Energy Efficient Motor Part Number,33610292,"80LP/4-143TC 230/460V-60Hz, 1 hp 33610292",,,,,,"80LP/4-143TC 230/460V-60Hz, 1 hp 33610292"
B85,C-face 230/460V-60Hz Energy Efficient Motor Part Number,34110292,"90SP/4-145TC 230/460V-60Hz, 1-1/2 hp 34110292",,,,,,"90SP/4-145TC 230/460V-60Hz, 1-1/2 hp 34110292"
B85,C-face 230/460V-60Hz Energy Efficient Motor Part Number,34610292,"90LP/4-145TC 230/460V-60Hz, 2 hp 34610292",,,,,,"90LP/4-145TC 230/460V-60Hz, 2 hp 34610292"
B85,C-face 230/460V-60Hz Energy Efficient Motor Part Number,35110292,"100LP/4-182TC 230/460V-60Hz, 3 hp 35110292",,,,,,"100LP/4-182TC 230/460V-60Hz, 3 hp 35110292"
B85,C-face 230/460V-60Hz Energy Efficient Motor Part Number,36110292,"112MP/4-184TC 230/460V-60Hz, 5 hp 36110292",,,,,,"112MP/4-184TC 230/460V-60Hz, 5 hp 36110292"
B85,C-face 575V-60Hz Energy Efficient Motor Part Number,33610295,"80LP/4-56C 575V-60Hz, 1 hp 33610295",,,,,,"80LP/4-56C 575V-60Hz, 1 hp 33610295"
B85,C-face 575V-60Hz Energy Efficient Motor Part Number,33610293,"80LP/4-143TC 575V-60Hz, 1 hp 33610293",,,,,,"80LP/4-143TC 575V-60Hz, 1 hp 33610293"
B85,C-face 575V-60Hz Energy Efficient Motor Part Number,34110293,"90SP/4-145TC 575V-60Hz, 1-1/2 hp 34110293",,,,,,"90SP/4-145TC 575V-60Hz, 1-1/2 hp 34110293"
B85,C-face 575V-60Hz Energy Efficient Motor Part Number,34610293,"90LP/4-145TC 575V-60Hz, 2 hp 34610293",,,,,,"90LP/4-145TC 575V-60Hz, 2 hp 34610293"
B85,C-face 575V-60Hz Energy Efficient Motor Part Number,35110293,"100LP/4-182TC 575V-60Hz, 3 hp 35110293",,,,,,"100LP/4-182TC 575V-60Hz, 3 hp 35110293"
B85,C-face 575V-60Hz Energy Efficient Motor Part Number,36110293,"112MP/4-184TC 575V-60Hz, 5 hp 36110293",,,,,,"112MP/4-184TC 575V-60Hz, 5 hp 36110293"
B85,C-face 575V-60Hz Energy Efficient Motor Part Number,60694600,Foot Plate 0.86” / 5.25”x 8.00” 60694600,,,,,,Foot Plate 0.86” / 5.25”x 8.00” 60694600
B85,C-face 575V-60Hz Energy Efficient Motor Part Number,60693500,Open Vent 60693500,,,,,,Open Vent 60693500
B85,C-face 575V-60Hz Energy Efficient Motor Part Number,22008056,AUTOVENT™ 22008056,,,,,,AUTOVENT™ 22008056
B85,C-face 575V-60Hz Energy Efficient Motor Part Number,60282930,Fixing Kit (Inch) 60282930,,,,,,Fixing Kit (Inch) 60282930
B85,C-face 575V-60Hz Energy Efficient Motor Part Number,60282310,Fixing (Metric) 60282310,,,,,,Fixing (Metric) 60282310
B87,CONFIGURATION,60793900,Torque Arm 60793900,,,,,,Torque Arm 60793900
B87,Wormgearbox 1.9375 Hollow Shaft 35mm Hollow Shaft,60792050;60791050,Ratio i=5 60792050 60791050,,,,,,Ratio i=5 60792050 60791050
B87,Wormgearbox 1.9375 Hollow Shaft 35mm Hollow Shaft,60792080;60791080,Ratio i=7 .5 60792080 60791080,,,,,,Ratio i=7 .5 60792080 60791080
B87,Wormgearbox 1.9375 Hollow Shaft 35mm Hollow Shaft,60792100;60791100,Ratio i=10 60792100 60791100,,,,,,Ratio i=10 60792100 60791100
B87,Wormgearbox 1.9375 Hollow Shaft 35mm Hollow Shaft,60792130;60791130,Ratio i=12.5 60792130 60791130,,,,,,Ratio i=12.5 60792130 60791130
B87,Wormgearbox 1.9375 Hollow Shaft 35mm Hollow Shaft,60792150;60791150,Ratio i=15 60792150 60791150,,,,,,Ratio i=15 60792150 60791150
B87,Wormgearbox 1.9375 Hollow Shaft 35mm Hollow Shaft,60792200;60791200,Ratio i=20 60792200 60791200,,,,,,Ratio i=20 60792200 60791200
B87,Wormgearbox 1.9375 Hollow Shaft 35mm Hollow Shaft,60792250;60791250,Ratio i=25 60792250 60791250,,,,,,Ratio i=25 60792250 60791250
B87,Wormgearbox 1.9375 Hollow Shaft 35mm Hollow Shaft,60792300;60791300,Ratio i=30 60792300 60791300,,,,,,Ratio i=30 60792300 60791300
B87,Wormgearbox 1.9375 Hollow Shaft 35mm Hollow Shaft,60792400;60791400,Ratio i=40 60792400 60791400,,,,,,Ratio i=40 60792400 60791400
B87,Wormgearbox 1.9375 Hollow Shaft 35mm Hollow Shaft,60792500;60791500,Ratio i=50 60792500 60791500,,,,,,Ratio i=50 60792500 60791500
B87,Wormgearbox 1.9375 Hollow Shaft 35mm Hollow Shaft,60792600;60791600,Ratio i=60 60792600 60791600,,,,,,Ratio i=60 60792600 60791600
B87,Wormgearbox 1.9375 Hollow Shaft 35mm Hollow Shaft,60792800;60791800,Ratio i=80 60792800 60791800,,,,,,Ratio i=80 60792800 60791800
B87,Wormgearbox 1.9375 Hollow Shaft 35mm Hollow Shaft,60792000;60791000,Ratio i=100 60792000 60791000,,,,,,Ratio i=100 60792000 60791000
B87,NEMA & IEC Adapter 110 & 118 Part Number,60795500,NEMA 56C 60795500,,,,,,NEMA 56C 60795500
B87,NEMA & IEC Adapter 110 & 118 Part Number,60795510,NEMA 140C 60795510,,,,,,NEMA 140C 60795510
B87,NEMA & IEC Adapter 110 & 118 Part Number,60795520,NEMA 180C 60795520,,,,,,NEMA 180C 60795520
B87,NEMA & IEC Adapter 110 & 118 Part Number,60795020,IEC 71 B14 C105 60795020,,,,,,IEC 71 B14 C105 60795020
B87,NEMA & IEC Adapter 110 & 118 Part Number,60795120,IEC 71 B14 C140 60795120,,,,,,IEC 71 B14 C140 60795120
B87,NEMA & IEC Adapter 110 & 118 Part Number,60795220,IEC 71 B5 A160 60795220,,,,,,IEC 71 B5 A160 60795220
B87,NEMA & IEC Adapter 110 & 118 Part Number,60795030,IEC 80 B14 C120 60795030,,,,,,IEC 80 B14 C120 60795030
B87,NEMA & IEC Adapter 110 & 118 Part Number,60795130,IEC 80 B14 C160 60795130,,,,,,IEC 80 B14 C160 60795130
B87,NEMA & IEC Adapter 110 & 118 Part Number,60795230,IEC 80 B5 A200 60795230,,,,,,IEC 80 B5 A200 60795230
B87,NEMA & IEC Adapter 110 & 118 Part Number,60795040,IEC 90 B14 C140 60795040,,,,,,IEC 90 B14 C140 60795040
B87,NEMA & IEC Adapter 110 & 118 Part Number,60795140,IEC 90 B14 C160 60795140,,,,,,IEC 90 B14 C160 60795140
B87,NEMA & IEC Adapter 110 & 118 Part Number,60795240,IEC 90 B5 A200 60795240,,,,,,IEC 90 B5 A200 60795240
B87,NEMA & IEC Adapter 110 & 118 Part Number,60795050,IEC 100 B14 C160 60795050,,,,,,IEC 100 B14 C160 60795050
B87,NEMA & IEC Adapter 110 & 118 Part Number,60795150,IEC 100 B14 C200 60795150,,,,,,IEC 100 B14 C200 60795150
B87,NEMA & IEC Adapter 110 & 118 Part Number,60795250,IEC 100 B5 A250 60795250,,,,,,IEC 100 B5 A250 60795250
B87,NEMA & IEC Adapter 110 & 118 Part Number,60795050,IEC 112 B14 C160 60795050,,,,,,IEC 112 B14 C160 60795050
B87,NEMA & IEC Adapter 110 & 118 Part Number,60795150,IEC 112 B14 C200 60795150,,,,,,IEC 112 B14 C200 60795150
B87,NEMA & IEC Adapter 110 & 118 Part Number,60795250,IEC 112 B5 A250 60795250,,,,,,IEC 112 B5 A250 60795250
B87,Plug in Output Shaft - Inch  122 Part Number,60793010,Shaft 1.375” x 70mm 60793010,,,,,,Shaft 1.375” x 70mm 60793010
B87,Plug in Output Shaft - Inch  122 Part Number,60793110,Double Shaft 1.375” x 70mm 60793110,,,,,,Double Shaft 1.375” x 70mm 60793110
B87,Plug in Output Shaft - Inch  122 Part Number,60793210,Shaft for Output Flange B5 1.375” x 70mm 60793210,,,,,,Shaft for Output Flange B5 1.375” x 70mm 60793210
B87,Plug in Output Shaft - Metric  122 Part Number,60793000,Plug-in Shaft 35mm x 70mm 60793000,,,,,,Plug-in Shaft 35mm x 70mm 60793000
B87,Plug in Output Shaft - Metric  122 Part Number,60793100,Double Plug-in Shaft 35mm x 70mm 60793100,,,,,,Double Plug-in Shaft 35mm x 70mm 60793100
B87,Plug in Output Shaft - Metric  122 Part Number,60793200,Shaft for Output Flange B5 35mm x 70mm 60793200,,,,,,Shaft for Output Flange B5 35mm x 70mm 60793200
B87,Hollow Shaft Bushing  111 Part Number,60793430,Hollow Shaft Bushing 1.1875” 60793430,,,,,,Hollow Shaft Bushing 1.1875” 60793430
B87,Hollow Shaft Bushing  111 Part Number,60793400,Hollow Shaft Bushing 1.250” 60793400,,,,,,Hollow Shaft Bushing 1.250” 60793400
B87,Hollow Shaft Bushing  111 Part Number,60793420,Hollow Shaft Bushing 1.4375” 60793420,,,,,,Hollow Shaft Bushing 1.4375” 60793420
B87,Hollow Shaft Bushing  111 Part Number,60793410,Hollow Shaft Bushing 1.500” 60793410,,,,,,Hollow Shaft Bushing 1.500” 60793410
B87,Hollow Shaft Bushing  111 Part Number,60793800,II Flange - 200mm 60793800,,,,,,II Flange - 200mm 60793800
B87,Shaft Cover  107 Part Number,60793950,Shaft Cover 60793950,,,,,,Shaft Cover 60793950
B87,Double Worm Adapter  116 Part Number,60794100,Inch 1.000“ (requires,) 60794100,,,,,Inch 1.000“ (requires     ) 60794100
B87,Double Worm Adapter  116 Part Number,60794000,Metric 14mm (requires,) 60794000,,,,,Metric 14mm (requires     ) 60794000
B87,Solid Input Shaft  119 Part Number,60794210,Solid Input Shaft 0.875” x 1.97” 60794210,,,,,,Solid Input Shaft 0.875” x 1.97” 60794210
B87,Solid Input Shaft  119 Part Number,60794200,Solid Input Shaft 24mm x 50mm 60794200,,,,,,Solid Input Shaft 24mm x 50mm 60794200
B87,Solid Input Shaft  119 Part Number,61282910,Fixing Kit (Inch) 61282910,,,,,,Fixing Kit (Inch) 61282910
B87,Solid Input Shaft  119 Part Number,82282310,Fixing Kit (Metric) 82282310,,,,,,Fixing Kit (Metric) 82282310
B87,C-face 230/460V-60Hz Standard Efficiency Motor Part Number,31110012,"63S/4-56C 230/460V-60Hz, 1/6 hp 31110012",,,,,,"63S/4-56C 230/460V-60Hz, 1/6 hp 31110012"
B87,C-face 230/460V-60Hz Standard Efficiency Motor Part Number,31610012,"63L/4-56C 230/460V-60Hz, 1/4 hp 31610012",,,,,,"63L/4-56C 230/460V-60Hz, 1/4 hp 31610012"
B87,C-face 230/460V-60Hz Standard Efficiency Motor Part Number,32110012,"71S/4-56C 230/460V-60Hz, 1/3 hp 32110012",,,,,,"71S/4-56C 230/460V-60Hz, 1/3 hp 32110012"
B87,C-face 230/460V-60Hz Standard Efficiency Motor Part Number,32610012,"71L/4-56C 230/460V-60Hz, 1/2 hp 32610012",,,,,,"71L/4-56C 230/460V-60Hz, 1/2 hp 32610012"
B87,C-face 230/460V-60Hz Standard Efficiency Motor Part Number,33110012,"80S/4-56C 230/460V-60Hz, 3/4 hp 33110012",,,,,,"80S/4-56C 230/460V-60Hz, 3/4 hp 33110012"
B87,C-face 230/460V-60Hz Standard Efficiency Motor Part Number,33610022,"80L/4-56C 230/460V-60Hz, 1 hp 33610022",,,,,,"80L/4-56C 230/460V-60Hz, 1 hp 33610022"
B87,C-face 575V-60Hz Standard Efficiency Motor Part Number,31110013,"63S/4-56C 575V-60Hz, 1/6 hp 31110013",,,,,,"63S/4-56C 575V-60Hz, 1/6 hp 31110013"
B87,C-face 575V-60Hz Standard Efficiency Motor Part Number,31610013,"63L/4-56C 575V-60Hz, 1/4 hp 31610013",,,,,,"63L/4-56C 575V-60Hz, 1/4 hp 31610013"
B87,C-face 575V-60Hz Standard Efficiency Motor Part Number,32110013,"71S/4-56C 575V-60Hz, 1/3 hp 32110013",,,,,,"71S/4-56C 575V-60Hz, 1/3 hp 32110013"
B87,C-face 575V-60Hz Standard Efficiency Motor Part Number,32610013,"71L/4-56C 575V-60Hz, 1/2 hp 32610013",,,,,,"71L/4-56C 575V-60Hz, 1/2 hp 32610013"
B87,C-face 575V-60Hz Standard Efficiency Motor Part Number,33110013,"80S/4-56C 575V-60Hz, 3/4 hp 33110013",,,,,,"80S/4-56C 575V-60Hz, 3/4 hp 33110013"
B87,C-face 230/460V-60Hz Energy Efficient Motor Part Number,33610094,"80LH/4-56C 230/460V-60Hz, 1 hp 33610094",,,,,,"80LH/4-56C 230/460V-60Hz, 1 hp 33610094"
B87,C-face 230/460V-60Hz Energy Efficient Motor Part Number,33610092,"80LH/4-143TC 230/460V-60Hz, 1 hp 33610092",,,,,,"80LH/4-143TC 230/460V-60Hz, 1 hp 33610092"
B87,C-face 230/460V-60Hz Energy Efficient Motor Part Number,34110092,"90SH/4-145TC 230/460V-60Hz, 1-1/2 hp 34110092",,,,,,"90SH/4-145TC 230/460V-60Hz, 1-1/2 hp 34110092"
B87,C-face 230/460V-60Hz Energy Efficient Motor Part Number,34610092,"90LH/4-145TC 230/460V-60Hz, 2 hp 34610092",,,,,,"90LH/4-145TC 230/460V-60Hz, 2 hp 34610092"
B87,C-face 230/460V-60Hz Energy Efficient Motor Part Number,35110092,"100LH/4-182TC 230/460V-60Hz, 3 hp 35110092",,,,,,"100LH/4-182TC 230/460V-60Hz, 3 hp 35110092"
B87,C-face 230/460V-60Hz Energy Efficient Motor Part Number,36110092,"112MH/4-184TC 230/460V-60Hz, 5 hp 36110092",,,,,,"112MH/4-184TC 230/460V-60Hz, 5 hp 36110092"
B87,C-face 575V-60Hz Energy Efficient Motor Part Number,33610095,"80LH/4-56C 575V-60Hz, 1 hp 33610095",,,,,,"80LH/4-56C 575V-60Hz, 1 hp 33610095"
B87,C-face 575V-60Hz Energy Efficient Motor Part Number,33610093,"80LH/4-143TC 575V-60Hz, 1 hp 33610093",,,,,,"80LH/4-143TC 575V-60Hz, 1 hp 33610093"
B87,C-face 575V-60Hz Energy Efficient Motor Part Number,34110093,"90SH/4-145TC 575V-60Hz, 1-1/2 hp 34110093",,,,,,"90SH/4-145TC 575V-60Hz, 1-1/2 hp 34110093"
B87,C-face 575V-60Hz Energy Efficient Motor Part Number,34610093,"90LH/4-145TC 575V-60Hz, 2 hp 34610093",,,,,,"90LH/4-145TC 575V-60Hz, 2 hp 34610093"
B87,C-face 575V-60Hz Energy Efficient Motor Part Number,35110093,"100LH/4-182TC 575V-60Hz, 3 hp 35110093",,,,,,"100LH/4-182TC 575V-60Hz, 3 hp 35110093"
B87,C-face 575V-60Hz Energy Efficient Motor Part Number,36110093,"112MH/4-184TC 575V-60Hz, 5 hp 36110093",,,,,,"112MH/4-184TC 575V-60Hz, 5 hp 36110093"
B87,C-face 230/460V-60Hz Energy Efficient Motor Part Number,33610294,"80LP/4-56C 230/460V-60Hz, 1 hp 33610294",,,,,,"80LP/4-56C 230/460V-60Hz, 1 hp 33610294"
B87,C-face 230/460V-60Hz Energy Efficient Motor Part Number,33610292,"80LP/4-143TC 230/460V-60Hz, 1 hp 33610292",,,,,,"80LP/4-143TC 230/460V-60Hz, 1 hp 33610292"
B87,C-face 230/460V-60Hz Energy Efficient Motor Part Number,34110292,"90SP/4-145TC 230/460V-60Hz, 1-1/2 hp 34110292",,,,,,"90SP/4-145TC 230/460V-60Hz, 1-1/2 hp 34110292"
B87,C-face 230/460V-60Hz Energy Efficient Motor Part Number,34610292,"90LP/4-145TC 230/460V-60Hz, 2 hp 34610292",,,,,,"90LP/4-145TC 230/460V-60Hz, 2 hp 34610292"
B87,C-face 230/460V-60Hz Energy Efficient Motor Part Number,35110292,"100LP/4-182TC 230/460V-60Hz, 3 hp 35110292",,,,,,"100LP/4-182TC 230/460V-60Hz, 3 hp 35110292"
B87,C-face 230/460V-60Hz Energy Efficient Motor Part Number,36110292,"112MP/4-184TC 230/460V-60Hz, 5 hp 36110292",,,,,,"112MP/4-184TC 230/460V-60Hz, 5 hp 36110292"
B87,C-face 575V-60Hz Energy Efficient Motor Part Number,33610295,"80LP/4-56C 575V-60Hz, 1 hp 33610295",,,,,,"80LP/4-56C 575V-60Hz, 1 hp 33610295"
B87,C-face 575V-60Hz Energy Efficient Motor Part Number,33610293,"80LP/4-143TC 575V-60Hz, 1 hp 33610293",,,,,,"80LP/4-143TC 575V-60Hz, 1 hp 33610293"
B87,C-face 575V-60Hz Energy Efficient Motor Part Number,34110293,"90SP/4-145TC 575V-60Hz, 1-1/2 hp 34110293",,,,,,"90SP/4-145TC 575V-60Hz, 1-1/2 hp 34110293"
B87,C-face 575V-60Hz Energy Efficient Motor Part Number,34610293,"90LP/4-145TC 575V-60Hz, 2 hp 34610293",,,,,,"90LP/4-145TC 575V-60Hz, 2 hp 34610293"
B87,C-face 575V-60Hz Energy Efficient Motor Part Number,35110293,"100LP/4-182TC 575V-60Hz, 3 hp 35110293",,,,,,"100LP/4-182TC 575V-60Hz, 3 hp 35110293"
B87,C-face 575V-60Hz Energy Efficient Motor Part Number,36110293,"112MP/4-184TC 575V-60Hz, 5 hp 36110293",,,,,,"112MP/4-184TC 575V-60Hz, 5 hp 36110293"
B87,C-face 575V-60Hz Energy Efficient Motor Part Number,60693500,Open Vent 60693500,,,,,,Open Vent 60693500
B87,C-face 575V-60Hz Energy Efficient Motor Part Number,22008056,AUTOVENT™ 22008056,,,,,,AUTOVENT™ 22008056
B88,CONFIGURATION,60392050;60492050;60592050;60692050;60792050,"60392050, i=5 60492050, i=5 60592050, i=5 60692050, i=5 60792050, i=5",,,,,,"60392050, i=5 60492050, i=5 60592050, i=5 60692050, i=5 60792050, i=5"
B88,CONFIGURATION,60392080;60492080;60592080;60692080;60792080,"60392080, i=7.5 60492080, i=7.5 60592080, i=7.5 60692080, i=7.5 60792080, i=7.5",,,,,,"60392080, i=7.5 60492080, i=7.5 60592080, i=7.5 60692080, i=7.5 60792080, i=7.5"
B88,CONFIGURATION,60392100;60492100;60592100;60692100;60792100,"60392100, i=10 60492100, i=10 60592100, i=10 60692100, i=10 60792100, i=10",,,,,,"60392100, i=10 60492100, i=10 60592100, i=10 60692100, i=10 60792100, i=10"
B88,CONFIGURATION,60392130;60492130;60592130;60692130;60792130,"60392130, i=12.5 60492130, i=12.5 60592130, i=12.5 60692130, i=12.5 60792130, i=12.5",,,,,,"60392130, i=12.5 60492130, i=12.5 60592130, i=12.5 60692130, i=12.5 60792130, i=12.5"
B88,CONFIGURATION,60392150;60492150;60592150;60692150;60792150,"60392150, i=15 60492150, i=15 60592150, i=15 60692150, i=15 60792150, i=15",,,,,,"60392150, i=15 60492150, i=15 60592150, i=15 60692150, i=15 60792150, i=15"
B88,CONFIGURATION,60392200;60492200;60592200;60692200;60792200,"60392200, i=20 60492200, i=20 60592200, i=20 60692200, i=20 60792200, i=20",,,,,,"60392200, i=20 60492200, i=20 60592200, i=20 60692200, i=20 60792200, i=20"
B88,CONFIGURATION,60392250;60492250;60592250;60692250;60792250,"60392250, i=25 60492250, i=25 60592250, i=25 60692250, i=25 60792250, i=25",,,,,,"60392250, i=25 60492250, i=25 60592250, i=25 60692250, i=25 60792250, i=25"
B88,CONFIGURATION,60392300;60492300;60592300;60692300;60792300,"60392300, i=30 60492300, i=30 60592300, i=30 60692300, i=30 60792300, i=30",,,,,,"60392300, i=30 60492300, i=30 60592300, i=30 60692300, i=30 60792300, i=30"
B88,CONFIGURATION,60392400;60492400;60592400;60692400;60792400,"60392400, i=40 60492400, i=40 60592400, i=40 60692400, i=40 60792400, i=40",,,,,,"60392400, i=40 60492400, i=40 60592400, i=40 60692400, i=40 60792400, i=40"
B88,CONFIGURATION,60392500;60492500;60592500;60692500;60792500,"60392500, i=50 60492500, i=50 60592500, i=50 60692500, i=50 60792500, i=50",,,,,,"60392500, i=50 60492500, i=50 60592500, i=50 60692500, i=50 60792500, i=50"
B88,CONFIGURATION,60392600;60492600;60592600;60692600;60792600,"60392600, i=60 60492600, i=60 60592600, i=60 60692600, i=60 60792600, i=60",,,,,,"60392600, i=60 60492600, i=60 60592600, i=60 60692600, i=60 60792600, i=60"
B88,CONFIGURATION,60392800;60492800;60592800;60362800;60792800,"60392800, i=80 60492800, i=80 60592800, i=80 60362800, i=80 60792800, i=80",,,,,,"60392800, i=80 60492800, i=80 60592800, i=80 60362800, i=80 60792800, i=80"
B88,CONFIGURATION,60392000;60492000;60592000;60692000;60792000,"60392000, i=100 60492000, i=100 60592000, i=100 60692000, i=100 60792000, i=100",,,,,,"60392000, i=100 60492000, i=100 60592000, i=100 60692000, i=100 60792000, i=100"
B88,CONFIGURATION,60395500,NEMA 48C 60395500 N/A N/A N/A N/A,,,,,,NEMA 48C 60395500 N/A N/A N/A N/A
B88,CONFIGURATION,60395510;60495500;60495500;60495500;60795500,NEMA 56C 60395510 60495500 60495500 60495500 60795500,,,,,,NEMA 56C 60395510 60495500 60495500 60495500 60795500
B88,CONFIGURATION,60595500;60595500;60595500;60795510,NEMA 140TC N/A 60595500 60595500 60595500 60795510,,,,,,NEMA 140TC N/A 60595500 60595500 60595500 60795510
B88,CONFIGURATION,60695500;60795520,NEMA 180TC N/A N/A N/A 60695500 60795520,,,,,,NEMA 180TC N/A N/A N/A 60695500 60795520
B88,CONFIGURATION,60494210;60494210;60494210;60794210,"Solid Input Shaft (W) N/A 60494210, Ø 0.625 60494210, Ø 0.625 60494210, Ø 0.625 60794210, Ø 0.875",,,,,,"Solid Input Shaft (W) N/A 60494210, Ø 0.625 60494210, Ø 0.625 60494210, Ø 0.625 60794210, Ø 0.875"
B88,CONFIGURATION,60494000;60494000;60494000,Helical Input Stage (H10) N/A 60494000 60494000 60494000 N/A,,,,,,Helical Input Stage (H10) N/A 60494000 60494000 60494000 N/A
B88,CONFIGURATION,60494110;60494110;60494110;60794100,"Double Worm Adapter (/31, /40) N/A 60494110, Ø 0.625 60494110, Ø 0.625 60494110, Ø 0.625 60794100, Ø 0.750",,,,,,"Double Worm Adapter (/31, /40) N/A 60494110, Ø 0.625 60494110, Ø 0.625 60494110, Ø 0.625 60794100, Ø 0.750"
B88,CONFIGURATION,60393010;60493010;60593010;60693010;60793010,"Plug-in Solid Shaft (V) 60393010, Ø 0.625 60493010, Ø 0.750 60593010, Ø 1.000 60693010, Ø 1.125 60793010, Ø 1.375",,,,,,"Plug-in Solid Shaft (V) 60393010, Ø 0.625 60493010, Ø 0.750 60593010, Ø 1.000 60693010, Ø 1.125 60793010, Ø 1.375"
B88,CONFIGURATION,60393110;60493110;60593110;60693110;60793110,"Double Solid Shaft (L) 60393110, Ø 0.625 60493110, Ø 0.750 60593110, Ø 1.000 60693110, Ø 1.125 60793110, Ø 1.375",,,,,,"Double Solid Shaft (L) 60393110, Ø 0.625 60493110, Ø 0.750 60593110, Ø 1.000 60693110, Ø 1.125 60793110, Ø 1.375"
B88,CONFIGURATION,60393210;60493210;60593210;60693210;60793210,"Plug-in Shaft with Flange (VF) 60393210, Ø 0.625 60493210, Ø 0.750 60593210, Ø 1.000 60693210, Ø 1.125 60793210, Ø 1.375",,,,,,"Plug-in Shaft with Flange (VF) 60393210, Ø 0.625 60493210, Ø 0.750 60593210, Ø 1.000 60693210, Ø 1.125 60793210, Ø 1.375"
B88,CONFIGURATION,60393800;60493800;60593800;60693800,"Flange I (F) 60393800, Ø 4.13 60493800, Ø 4.72 60593800, Ø 6.30 60693800, Ø 7.87 N/A",,,,,,"Flange I (F) 60393800, Ø 4.13 60493800, Ø 4.72 60593800, Ø 6.30 60693800, Ø 7.87 N/A"
B88,CONFIGURATION,60393810;60493810;60593810;60693810;60793800,"Flange II (female pilot) (F) 60393810, Ø 3.15 60493810, Ø 4.33 60593810, Ø 4.92 60693810, Ø 7.09 60793800, Ø 7.87",,,,,,"Flange II (female pilot) (F) 60393810, Ø 3.15 60493810, Ø 4.33 60593810, Ø 4.92 60693810, Ø 7.09 60793800, Ø 7.87"
B88,CONFIGURATION,60393820;60593820,"Flange III (male pilot) (F) 60393820, Ø 3.15 N/A 60593820, Ø 4.92 N/A N/A",,,,,,"Flange III (male pilot) (F) 60393820, Ø 3.15 N/A 60593820, Ø 4.92 N/A N/A"
B88,CONFIGURATION,60693820,"Flange IV (F) N/A N/A N/A 60693820, Ø 6.30 N/A",,,,,,"Flange IV (F) N/A N/A N/A 60693820, Ø 6.30 N/A"
B88,CONFIGURATION,60393900;60493900;60593900;60693900;60793900,"60393900, 3.54 60493900, 5.12 60593900, 5.12 60693900, 5.91 60793900, 7.87",,,,,,"60393900, 3.54 60493900, 5.12 60593900, 5.12 60693900, 5.91 60793900, 7.87"
B88,CONFIGURATION,60493910;60593920,"N/A 60493910, 3.94 60593920, 4.33 N/A N/A",,,,,,"N/A 60493910, 3.94 60593920, 4.33 N/A N/A"
B88,CONFIGURATION,60593910,"N/A N/A 60593910, 3.94 N/A N/A",,,,,,"N/A N/A 60593910, 3.94 N/A N/A"
B88,CONFIGURATION,60393950;60493950;60593950;60693950;60793950,Shaft Cover (H) 60393950 60493950 60593950 60693950 60793950,,,,,,Shaft Cover (H) 60393950 60493950 60593950 60693950 60793950
B88,Hollow Shaft Bushing (J),60593400;60693400;60793430,"N/A N/A 60593400, Ø 1.000 60693400, Ø 1.000 60793430, Ø 1.1875",,,,,,"N/A N/A 60593400, Ø 1.000 60693400, Ø 1.000 60793430, Ø 1.1875"
B88,Hollow Shaft Bushing (J),60693410;60793400,"N/A N/A N/A 60693410, Ø 1.1875 60793400, Ø 1.250",,,,,,"N/A N/A N/A 60693410, Ø 1.1875 60793400, Ø 1.250"
B88,Hollow Shaft Bushing (J),60693420;60793420,"N/A N/A N/A 60693420, Ø 1.250 60793420, Ø 1.4375",,,,,,"N/A N/A N/A 60693420, Ø 1.250 60793420, Ø 1.4375"
B88,Hollow Shaft Bushing (J),60793410,"N/A N/A N/A N/A 60793410, Ø 1.500",,,,,,"N/A N/A N/A N/A 60793410, Ø 1.500"
B88,Hollow Shaft Bushing (J),60394600;60494600;60594600;60694600,Footplate (X) 60394600 60494600 60594600 60694600 N/A,,,,,,Footplate (X) 60394600 60494600 60594600 60694600 N/A
B88,Hollow Shaft Bushing (J),60693500;60693500;60693500;60693500;60693500,Open vent (OV) 60693500 60693500 60693500 60693500 60693500,,,,,,Open vent (OV) 60693500 60693500 60693500 60693500 60693500
B88,Hollow Shaft Bushing (J),60382910;60282930;60282930;82282920;61282910,Fixing Kit (B) 60382910 60282930 60282930 82282920 61282910,,,,,,Fixing Kit (B) 60382910 60282930 60282930 82282920 61282910
B89,"SK 1SI31, Ø 14 SK 1SI40, Ø 18 SK 1SI50, Ø 25 SK 1SI63, Ø 25 SK 1SI75, Ø 35",60391050;60491050;60591050;60691050;60791050,"60391050, i=5 60491050, i=5 60591050, i=5 60691050, i=5 60791050, i=5",,,,,,"60391050, i=5 60491050, i=5 60591050, i=5 60691050, i=5 60791050, i=5"
B89,"SK 1SI31, Ø 14 SK 1SI40, Ø 18 SK 1SI50, Ø 25 SK 1SI63, Ø 25 SK 1SI75, Ø 35",60391050;60491080;60591080;60691080;60791080,"60391050, i=7.5 60491080, i=7.5 60591080, i=7.5 60691080, i=7.5 60791080, i=7.5",,,,,,"60391050, i=7.5 60491080, i=7.5 60591080, i=7.5 60691080, i=7.5 60791080, i=7.5"
B89,"SK 1SI31, Ø 14 SK 1SI40, Ø 18 SK 1SI50, Ø 25 SK 1SI63, Ø 25 SK 1SI75, Ø 35",60391100;60491100;60591100;60691100;60791100,"60391100, i=10 60491100, i=10 60591100, i=10 60691100, i=10 60791100, i=10",,,,,,"60391100, i=10 60491100, i=10 60591100, i=10 60691100, i=10 60791100, i=10"
B89,"SK 1SI31, Ø 14 SK 1SI40, Ø 18 SK 1SI50, Ø 25 SK 1SI63, Ø 25 SK 1SI75, Ø 35",60391130;60491130;60591130;60691130;60791130,"60391130, i=12.5 60491130, i=12.5 60591130, i=12.5 60691130, i=12.5 60791130, i=12.5",,,,,,"60391130, i=12.5 60491130, i=12.5 60591130, i=12.5 60691130, i=12.5 60791130, i=12.5"
B89,"SK 1SI31, Ø 14 SK 1SI40, Ø 18 SK 1SI50, Ø 25 SK 1SI63, Ø 25 SK 1SI75, Ø 35",60392150;60491150;60591150;60691150;60791150,"60392150, i=15 60491150, i=15 60591150, i=15 60691150, i=15 60791150, i=15",,,,,,"60392150, i=15 60491150, i=15 60591150, i=15 60691150, i=15 60791150, i=15"
B89,"SK 1SI31, Ø 14 SK 1SI40, Ø 18 SK 1SI50, Ø 25 SK 1SI63, Ø 25 SK 1SI75, Ø 35",60391200;60491200;60591200;60691200;60791200,"60391200, i=20 60491200, i=20 60591200, i=20 60691200, i=20 60791200, i=20",,,,,,"60391200, i=20 60491200, i=20 60591200, i=20 60691200, i=20 60791200, i=20"
B89,"SK 1SI31, Ø 14 SK 1SI40, Ø 18 SK 1SI50, Ø 25 SK 1SI63, Ø 25 SK 1SI75, Ø 35",60391250;60491250;60591250;60691250;60791250,"60391250, i=25 60491250, i=25 60591250, i=25 60691250, i=25 60791250, i=25",,,,,,"60391250, i=25 60491250, i=25 60591250, i=25 60691250, i=25 60791250, i=25"
B89,"SK 1SI31, Ø 14 SK 1SI40, Ø 18 SK 1SI50, Ø 25 SK 1SI63, Ø 25 SK 1SI75, Ø 35",60391300;60491300;60591300;60691300;60791300,"60391300, i=30 60491300, i=30 60591300, i=30 60691300, i=30 60791300, i=30",,,,,,"60391300, i=30 60491300, i=30 60591300, i=30 60691300, i=30 60791300, i=30"
B89,"SK 1SI31, Ø 14 SK 1SI40, Ø 18 SK 1SI50, Ø 25 SK 1SI63, Ø 25 SK 1SI75, Ø 35",60391400;60491400;60591400;60691400;60791400,"60391400, i=40 60491400, i=40 60591400, i=40 60691400, i=40 60791400, i=40",,,,,,"60391400, i=40 60491400, i=40 60591400, i=40 60691400, i=40 60791400, i=40"
B89,"SK 1SI31, Ø 14 SK 1SI40, Ø 18 SK 1SI50, Ø 25 SK 1SI63, Ø 25 SK 1SI75, Ø 35",60391500;60491500;60591500;60691500;60791500,"60391500, i=50 60491500, i=50 60591500, i=50 60691500, i=50 60791500, i=50",,,,,,"60391500, i=50 60491500, i=50 60591500, i=50 60691500, i=50 60791500, i=50"
B89,"SK 1SI31, Ø 14 SK 1SI40, Ø 18 SK 1SI50, Ø 25 SK 1SI63, Ø 25 SK 1SI75, Ø 35",60391600;60491600;60591600;60691600;60791600,"60391600, i=60 60491600, i=60 60591600, i=60 60691600, i=60 60791600, i=60",,,,,,"60391600, i=60 60491600, i=60 60591600, i=60 60691600, i=60 60791600, i=60"
B89,"SK 1SI31, Ø 14 SK 1SI40, Ø 18 SK 1SI50, Ø 25 SK 1SI63, Ø 25 SK 1SI75, Ø 35",60391800;60491800;60591800;60691800;60791800,"60391800, i=80 60491800, i=80 60591800, i=80 60691800, i=80 60791800, i=80",,,,,,"60391800, i=80 60491800, i=80 60591800, i=80 60691800, i=80 60791800, i=80"
B89,"SK 1SI31, Ø 14 SK 1SI40, Ø 18 SK 1SI50, Ø 25 SK 1SI63, Ø 25 SK 1SI75, Ø 35",60391000;60491000;60591000;60691000;60791000,"60391000, i=100 60491000, i=100 60591000, i=100 60691000, i=100 60791000, i=100",,,,,,"60391000, i=100 60491000, i=100 60591000, i=100 60691000, i=100 60791000, i=100"
B89,"SK 1SI31, Ø 14 SK 1SI40, Ø 18 SK 1SI50, Ø 25 SK 1SI63, Ø 25 SK 1SI75, Ø 35",60395100;60495100;60495100;60495100,IEC 56 B14 C105 60395100 60495100 60495100 60495100 N/A,,,,,,IEC 56 B14 C105 60395100 60495100 60495100 60495100 N/A
B89,"SK 1SI31, Ø 14 SK 1SI40, Ø 18 SK 1SI50, Ø 25 SK 1SI63, Ø 25 SK 1SI75, Ø 35",60395200;60495200;60495200;60495200,IEC 56 B5 A120 60395200 60495200 60495200 60495200 N/A,,,,,,IEC 56 B5 A120 60395200 60495200 60495200 60495200 N/A
B89,"SK 1SI31, Ø 14 SK 1SI40, Ø 18 SK 1SI50, Ø 25 SK 1SI63, Ø 25 SK 1SI75, Ø 35",60395010;60495010;60495010;60495010,IEC 63 B14 C90 60395010* 60495010* 60495010* 60495010* N/A,,,,,,IEC 63 B14 C90 60395010* 60495010* 60495010* 60495010* N/A
B89,"SK 1SI31, Ø 14 SK 1SI40, Ø 18 SK 1SI50, Ø 25 SK 1SI63, Ø 25 SK 1SI75, Ø 35",60395110;60495110;60495110;60495110,IEC 63 B14 C120 60395110 60495110 60495110 60495110 N/A,,,,,,IEC 63 B14 C120 60395110 60495110 60495110 60495110 N/A
B89,"SK 1SI31, Ø 14 SK 1SI40, Ø 18 SK 1SI50, Ø 25 SK 1SI63, Ø 25 SK 1SI75, Ø 35",60395210;60495210;60495210;60495210,IEC 63 B5 A140 60395210 60495210 60495210 60495210 N/A,,,,,,IEC 63 B5 A140 60395210 60495210 60495210 60495210 N/A
B89,"SK 1SI31, Ø 14 SK 1SI40, Ø 18 SK 1SI50, Ø 25 SK 1SI63, Ø 25 SK 1SI75, Ø 35",60395020;60495020;60495020;60495020;60795020,IEC 71 B14 C105 60395020* 60495020* 60495020* 60495020* 60795020*,,,,,,IEC 71 B14 C105 60395020* 60495020* 60495020* 60495020* 60795020*
B89,"SK 1SI31, Ø 14 SK 1SI40, Ø 18 SK 1SI50, Ø 25 SK 1SI63, Ø 25 SK 1SI75, Ø 35",60395120;60495120;60495120;60495120;60795120,IEC 71 B14 C140 60395120 60495120 60495120 60495120 60795120,,,,,,IEC 71 B14 C140 60395120 60495120 60495120 60495120 60795120
B89,"SK 1SI31, Ø 14 SK 1SI40, Ø 18 SK 1SI50, Ø 25 SK 1SI63, Ø 25 SK 1SI75, Ø 35",60495220;60495220;60495220;60795220,IEC 71 B5 A160 N/A 60495220 60495220 60495220 60795220,,,,,,IEC 71 B5 A160 N/A 60495220 60495220 60495220 60795220
B89,"SK 1SI31, Ø 14 SK 1SI40, Ø 18 SK 1SI50, Ø 25 SK 1SI63, Ø 25 SK 1SI75, Ø 35",60495030;60495030;60495030;60795030,IEC 80 B14 C120 N/A 60495030* 60495030* 60495030* 60795030*,,,,,,IEC 80 B14 C120 N/A 60495030* 60495030* 60495030* 60795030*
B89,"SK 1SI31, Ø 14 SK 1SI40, Ø 18 SK 1SI50, Ø 25 SK 1SI63, Ø 25 SK 1SI75, Ø 35",60495130;60495130;60495130;60795130,IEC 80 B14 C160 N/A 60495130 60495130 60495130 60795130,,,,,,IEC 80 B14 C160 N/A 60495130 60495130 60495130 60795130
B89,"SK 1SI31, Ø 14 SK 1SI40, Ø 18 SK 1SI50, Ø 25 SK 1SI63, Ø 25 SK 1SI75, Ø 35",60495230;60495230;60495230;60795230,IEC 80 B5 A200 N/A 60495230 60495230 60495230 60795230,,,,,,IEC 80 B5 A200 N/A 60495230 60495230 60495230 60795230
B89,"SK 1SI31, Ø 14 SK 1SI40, Ø 18 SK 1SI50, Ø 25 SK 1SI63, Ø 25 SK 1SI75, Ø 35",60495040;60495040;60695040;60795040,IEC 90 B14 C140 N/A 60495040* 60495040* 60695040* 60795040*,,,,,,IEC 90 B14 C140 N/A 60495040* 60495040* 60695040* 60795040*
B89,"SK 1SI31, Ø 14 SK 1SI40, Ø 18 SK 1SI50, Ø 25 SK 1SI63, Ø 25 SK 1SI75, Ø 35",60495140;60495140;60695140;60795140,IEC 90 B14 C160 N/A 60495140 60495140 60695140 60795140,,,,,,IEC 90 B14 C160 N/A 60495140 60495140 60695140 60795140
B89,"SK 1SI31, Ø 14 SK 1SI40, Ø 18 SK 1SI50, Ø 25 SK 1SI63, Ø 25 SK 1SI75, Ø 35",60695240;60795240,IEC 90 B5 A200 N/A N/A N/A 60695240 60795240,,,,,,IEC 90 B5 A200 N/A N/A N/A 60695240 60795240
B89,"SK 1SI31, Ø 14 SK 1SI40, Ø 18 SK 1SI50, Ø 25 SK 1SI63, Ø 25 SK 1SI75, Ø 35",60795050,IEC 100 B14 C160 N/A N/A N/A N/A 60795050,,,,,,IEC 100 B14 C160 N/A N/A N/A N/A 60795050
B89,"SK 1SI31, Ø 14 SK 1SI40, Ø 18 SK 1SI50, Ø 25 SK 1SI63, Ø 25 SK 1SI75, Ø 35",60795150,IEC 100 B14 C200 N/A N/A N/A N/A 60795150,,,,,,IEC 100 B14 C200 N/A N/A N/A N/A 60795150
B89,"SK 1SI31, Ø 14 SK 1SI40, Ø 18 SK 1SI50, Ø 25 SK 1SI63, Ø 25 SK 1SI75, Ø 35",60795250,IEC 100 B5 A250 N/A N/A N/A N/A 60795250*,,,,,,IEC 100 B5 A250 N/A N/A N/A N/A 60795250*
B89,"SK 1SI31, Ø 14 SK 1SI40, Ø 18 SK 1SI50, Ø 25 SK 1SI63, Ø 25 SK 1SI75, Ø 35",60795050,IEC 112 B14 C160 N/A N/A N/A N/A 60795050,,,,,,IEC 112 B14 C160 N/A N/A N/A N/A 60795050
B89,"SK 1SI31, Ø 14 SK 1SI40, Ø 18 SK 1SI50, Ø 25 SK 1SI63, Ø 25 SK 1SI75, Ø 35",60795150,IEC 112 B14 C200 N/A N/A N/A N/A 60795150,,,,,,IEC 112 B14 C200 N/A N/A N/A N/A 60795150
B89,"SK 1SI31, Ø 14 SK 1SI40, Ø 18 SK 1SI50, Ø 25 SK 1SI63, Ø 25 SK 1SI75, Ø 35",60795250,IEC 112 B5 A250 N/A N/A N/A N/A 60795250*,,,,,,IEC 112 B5 A250 N/A N/A N/A N/A 60795250*
B89,"SK 1SI31, Ø 14 SK 1SI40, Ø 18 SK 1SI50, Ø 25 SK 1SI63, Ø 25 SK 1SI75, Ø 35",60494200;60494200;60494200;60794200,"Solid Input Shaft (W) N/A 60494200, Ø 16 60494200, Ø 16 60494200, Ø 16 60794200, Ø 24",,,,,,"Solid Input Shaft (W) N/A 60494200, Ø 16 60494200, Ø 16 60494200, Ø 16 60794200, Ø 24"
B89,"SK 1SI31, Ø 14 SK 1SI40, Ø 18 SK 1SI50, Ø 25 SK 1SI63, Ø 25 SK 1SI75, Ø 35",60494000;60494000;60494000,Helical Input Stage (H10) N/A 60494000 60494000 60494000 N/A,,,,,,Helical Input Stage (H10) N/A 60494000 60494000 60494000 N/A
B89,"SK 1SI31, Ø 14 SK 1SI40, Ø 18 SK 1SI50, Ø 25 SK 1SI63, Ø 25 SK 1SI75, Ø 35",60494100;60494100;60494100;60794000,"Double Worm Adapter (/31, /40) N/A 60494100, Ø 14 60494100, Ø 14 60494100, Ø 14 60794000, Ø 18",,,,,,"Double Worm Adapter (/31, /40) N/A 60494100, Ø 14 60494100, Ø 14 60494100, Ø 14 60794000, Ø 18"
B89,"SK 1SI31, Ø 14 SK 1SI40, Ø 18 SK 1SI50, Ø 25 SK 1SI63, Ø 25 SK 1SI75, Ø 35",60393000;60493000;60593000;60693000;60793000,"Plug-in Solid Shaft (V) 60393000, Ø 14 60493000, Ø 18 60593000, Ø 25 60693000, Ø 25 60793000, Ø 35",,,,,,"Plug-in Solid Shaft (V) 60393000, Ø 14 60493000, Ø 18 60593000, Ø 25 60693000, Ø 25 60793000, Ø 35"
B89,"SK 1SI31, Ø 14 SK 1SI40, Ø 18 SK 1SI50, Ø 25 SK 1SI63, Ø 25 SK 1SI75, Ø 35",60393100;60493100;60593100;60693100;60793100,"Double Solid Shaft (L) 60393100, Ø 14 60493100, Ø 18 60593100, Ø 25 60693100, Ø 25 60793100, Ø 35",,,,,,"Double Solid Shaft (L) 60393100, Ø 14 60493100, Ø 18 60593100, Ø 25 60693100, Ø 25 60793100, Ø 35"
B89,"SK 1SI31, Ø 14 SK 1SI40, Ø 18 SK 1SI50, Ø 25 SK 1SI63, Ø 25 SK 1SI75, Ø 35",60393200;60493200;60593200;60693200;60793200,"Plug-in Solid Shaft with Flange (VF) 60393200, Ø 14 60493200, Ø 18 60593200, Ø 25 60693200, Ø 25 60793200, Ø 35",,,,,,"Plug-in Solid Shaft with Flange (VF) 60393200, Ø 14 60493200, Ø 18 60593200, Ø 25 60693200, Ø 25 60793200, Ø 35"
B89,"SK 1SI31, Ø 14 SK 1SI40, Ø 18 SK 1SI50, Ø 25 SK 1SI63, Ø 25 SK 1SI75, Ø 35",60393800;60493800;60593800;60693800,"Flange I (F) 60393800, Ø 105 60493800, Ø 120 60593800, Ø 160 60693800, Ø 200 N/A",,,,,,"Flange I (F) 60393800, Ø 105 60493800, Ø 120 60593800, Ø 160 60693800, Ø 200 N/A"
B89,"SK 1SI31, Ø 14 SK 1SI40, Ø 18 SK 1SI50, Ø 25 SK 1SI63, Ø 25 SK 1SI75, Ø 35",60393810;60493810;60593810;60693810;60793800,"Flange II (female pilot) (F) 60393810, Ø 80 60493810, Ø 110 60593810, Ø 125 60693810, Ø 180 60793800, Ø 200",,,,,,"Flange II (female pilot) (F) 60393810, Ø 80 60493810, Ø 110 60593810, Ø 125 60693810, Ø 180 60793800, Ø 200"
B89,"SK 1SI31, Ø 14 SK 1SI40, Ø 18 SK 1SI50, Ø 25 SK 1SI63, Ø 25 SK 1SI75, Ø 35",60393820;60593820,"Flange III (male pilot) (F) 60393820, Ø 80 N/A 60593820, Ø 125 N/A N/A",,,,,,"Flange III (male pilot) (F) 60393820, Ø 80 N/A 60593820, Ø 125 N/A N/A"
B89,"SK 1SI31, Ø 14 SK 1SI40, Ø 18 SK 1SI50, Ø 25 SK 1SI63, Ø 25 SK 1SI75, Ø 35",60693820,"Flange IV (F) N/A N/A N/A 60693820, Ø 160 N/A",,,,,,"Flange IV (F) N/A N/A N/A 60693820, Ø 160 N/A"
B89,"SK 1SI31, Ø 14 SK 1SI40, Ø 18 SK 1SI50, Ø 25 SK 1SI63, Ø 25 SK 1SI75, Ø 35",60393900;60493900;60593900;60693900;60793900,"60393900, 90mm 60493900, 130mm 60593900, 130mm 60693900, 150mm 60793900, 200mm",,,,,,"60393900, 90mm 60493900, 130mm 60593900, 130mm 60693900, 150mm 60793900, 200mm"
B89,"SK 1SI31, Ø 14 SK 1SI40, Ø 18 SK 1SI50, Ø 25 SK 1SI63, Ø 25 SK 1SI75, Ø 35",60493910;60593920,"N/A 60493910, 100mm 60593920, 110mm N/A N/A",,,,,,"N/A 60493910, 100mm 60593920, 110mm N/A N/A"
B89,"SK 1SI31, Ø 14 SK 1SI40, Ø 18 SK 1SI50, Ø 25 SK 1SI63, Ø 25 SK 1SI75, Ø 35",60593910,"N/A N/A 60593910, 100mm N/A N/A",,,,,,"N/A N/A 60593910, 100mm N/A N/A"
B89,"SK 1SI31, Ø 14 SK 1SI40, Ø 18 SK 1SI50, Ø 25 SK 1SI63, Ø 25 SK 1SI75, Ø 35",60393950;60493950;60593950;60693950;60793950,Shaft Cover (H) 60393950 60493950 60593950 60693950 60793950,,,,,,Shaft Cover (H) 60393950 60493950 60593950 60693950 60793950
B89,"SK 1SI31, Ø 14 SK 1SI40, Ø 18 SK 1SI50, Ø 25 SK 1SI63, Ø 25 SK 1SI75, Ø 35",60394600;60494600;60594600;60694600,Footplate (X) 60394600 60494600 60594600 60694600 N/A,,,,,,Footplate (X) 60394600 60494600 60594600 60694600 N/A
B89,"SK 1SI31, Ø 14 SK 1SI40, Ø 18 SK 1SI50, Ø 25 SK 1SI63, Ø 25 SK 1SI75, Ø 35",60693500;60693500;60693500;60693500;60693500,Open vent (OV) 60693500 60693500 60693500 60693500 60693500,,,,,,Open vent (OV) 60693500 60693500 60693500 60693500 60693500
B89,"SK 1SI31, Ø 14 SK 1SI40, Ø 18 SK 1SI50, Ø 25 SK 1SI63, Ø 25 SK 1SI75, Ø 35",60382330;60482340;60282310;60282310;82282310,Fixing Kit 60382330 60482340 60282310 60282310 82282310,,,,,,Fixing Kit 60382330 60482340 60282310 60282310 82282310
B90,C-Face Motors,31110012,"63S/4-56C 230/460V-60Hz, 1/6 hp 31110012",,,,,,"63S/4-56C 230/460V-60Hz, 1/6 hp 31110012"
B90,C-Face Motors,31610012,"63L/4-56C 230/460V-60Hz, 1/4 hp 31610012",,,,,,"63L/4-56C 230/460V-60Hz, 1/4 hp 31610012"
B90,C-Face Motors,32110012,"71S/4-56C 230/460V-60Hz, 1/3 hp 32110012",,,,,,"71S/4-56C 230/460V-60Hz, 1/3 hp 32110012"
B90,C-Face Motors,32610012,"71L/4-56C 230/460V-60Hz, 1/2 hp 32610012",,,,,,"71L/4-56C 230/460V-60Hz, 1/2 hp 32610012"
B90,C-Face Motors,33110012,"80S/4-56C 230/460V-60Hz, 3/4 hp 33110012",,,,,,"80S/4-56C 230/460V-60Hz, 3/4 hp 33110012"
B90,C-Face Motors,33610022,"80L/4-56C 230/460V-60Hz, 1 hp 33610022",,,,,,"80L/4-56C 230/460V-60Hz, 1 hp 33610022"
B90,C-Face Motors,33610094,"80LH/4-56C 230/460V-60Hz, 1 hp 33610094",,,,,,"80LH/4-56C 230/460V-60Hz, 1 hp 33610094"
B90,C-Face Motors,33610092,"80LH/4-143TC 230/460V-60Hz, 1 hp 33610092",,,,,,"80LH/4-143TC 230/460V-60Hz, 1 hp 33610092"
B90,C-Face Motors,34110092,"90SH/4-145TC 230/460V-60Hz, 1-1/2 hp 34110092",,,,,,"90SH/4-145TC 230/460V-60Hz, 1-1/2 hp 34110092"
B90,C-Face Motors,34610092,"90LH/4-145TC 230/460V-60Hz, 2 hp 34610092",,,,,,"90LH/4-145TC 230/460V-60Hz, 2 hp 34610092"
B90,C-Face Motors,35110092,"100LH/4-182TC 230/460V-60Hz, 3 hp 35110092",,,,,,"100LH/4-182TC 230/460V-60Hz, 3 hp 35110092"
B90,C-Face Motors,36110082,"112MH/4-184TC 230/460V-60Hz, 5 hp 36110082",,,,,,"112MH/4-184TC 230/460V-60Hz, 5 hp 36110082"
B90,C-Face Motors,33610294,"80LP/4-56C 230/460V-60Hz, 1 hp 33610294",,,,,,"80LP/4-56C 230/460V-60Hz, 1 hp 33610294"
B90,C-Face Motors,33610292,"80LP/4-143TC 230/460V-60Hz, 1 hp 33610292",,,,,,"80LP/4-143TC 230/460V-60Hz, 1 hp 33610292"
B90,C-Face Motors,34110292,"90SP/4-145TC 230/460V-60Hz, 1-1/2 hp 34110292",,,,,,"90SP/4-145TC 230/460V-60Hz, 1-1/2 hp 34110292"
B90,C-Face Motors,34610292,"90LP/4-145TC 230/460V-60Hz, 2 hp 34610292",,,,,,"90LP/4-145TC 230/460V-60Hz, 2 hp 34610292"
B90,C-Face Motors,35110292,"100LP/4-182TC 230/460V-60Hz, 3 hp 35110292",,,,,,"100LP/4-182TC 230/460V-60Hz, 3 hp 35110292"
B90,C-Face Motors,36110292,"112MP/4-184TC 230/460V-60Hz, 5 hp 36110292",,,,,,"112MP/4-184TC 230/460V-60Hz, 5 hp 36110292"
B90,C-Face Motors,31110013,"63S/4-56C 575V-60Hz, 1/6 hp 31110013",,,,,,"63S/4-56C 575V-60Hz, 1/6 hp 31110013"
B90,C-Face Motors,31610013,"63L/4-56C 575V-60Hz, 1/4 hp 31610013",,,,,,"63L/4-56C 575V-60Hz, 1/4 hp 31610013"
B90,C-Face Motors,32110013,"71S/4-56C 575V-60Hz, 1/3 hp 32110013",,,,,,"71S/4-56C 575V-60Hz, 1/3 hp 32110013"
B90,C-Face Motors,32610013,"71L/4-56C 575V-60Hz, 1/2 hp 32610013",,,,,,"71L/4-56C 575V-60Hz, 1/2 hp 32610013"
B90,C-Face Motors,33110013,"80S/4-56C 575V-60Hz, 3/4 hp 33110013",,,,,,"80S/4-56C 575V-60Hz, 3/4 hp 33110013"
B90,C-Face Motors,33610023,"80L/4-56C 575V-60Hz, 1 hp 33610023",,,,,,"80L/4-56C 575V-60Hz, 1 hp 33610023"
B90,C-Face Motors,33610095,"80LH/4-56C 575V-60Hz, 1 hp 33610095",,,,,,"80LH/4-56C 575V-60Hz, 1 hp 33610095"
B90,C-Face Motors,33610093,"80LH/4-143TC 575V-60Hz, 1 hp 33610093",,,,,,"80LH/4-143TC 575V-60Hz, 1 hp 33610093"
B90,C-Face Motors,34110093,"90SH/4-145TC 575V-60Hz, 1-1/2 hp 34110093",,,,,,"90SH/4-145TC 575V-60Hz, 1-1/2 hp 34110093"
B90,C-Face Motors,34610093,"90LH/4-145TC 575V-60Hz, 2 hp 34610093",,,,,,"90LH/4-145TC 575V-60Hz, 2 hp 34610093"
B90,C-Face Motors,35110093,"100LH/4-182TC 575V-60Hz, 3 hp 35110093",,,,,,"100LH/4-182TC 575V-60Hz, 3 hp 35110093"
B90,C-Face Motors,36110083,"112MH/4-184TC 575V-60Hz, 5 hp 36110083",,,,,,"112MH/4-184TC 575V-60Hz, 5 hp 36110083"
B90,C-Face Motors,33610295,"80LP/4-56C 575V-60Hz, 1 hp 33610295",,,,,,"80LP/4-56C 575V-60Hz, 1 hp 33610295"
B90,C-Face Motors,33610293,"80LP/4-143TC 575V-60Hz, 1 hp 33610293",,,,,,"80LP/4-143TC 575V-60Hz, 1 hp 33610293"
B90,C-Face Motors,34110293,"90SP/4-145TC 575V-60Hz, 1-1/2 hp 34110293",,,,,,"90SP/4-145TC 575V-60Hz, 1-1/2 hp 34110293"
B90,C-Face Motors,34610293,"90LP/4-145TC 575V-60Hz, 2 hp 34610293",,,,,,"90LP/4-145TC 575V-60Hz, 2 hp 34610293"
B90,C-Face Motors,35110293,"100LP/4-182TC 575V-60Hz, 3 hp 35110293",,,,,,"100LP/4-182TC 575V-60Hz, 3 hp 35110293"
B90,C-Face Motors,36110293,"112MP/4-184TC 575V-60Hz, 5 hp 36110293",,,,,,"112MP/4-184TC 575V-60Hz, 5 hp 36110293"
B91,C-face 230/460V-60Hz Standard Efficiency - Brakemotor Part Number,31110034,"63S/4-56C BRE5 HL 230/460V-60Hz, 1/6 hp, 230VAC brake with hand release lever 31110034",,,,,,"63S/4-56C BRE5 HL 230/460V-60Hz, 1/6 hp, 230VAC brake with hand release lever 31110034"
B91,C-face 230/460V-60Hz Standard Efficiency - Brakemotor Part Number,31610034,"63L/4-56C BRE5 HL 230/460V-60Hz, 1/4 hp, 230VAC brake with hand release lever 31610034",,,,,,"63L/4-56C BRE5 HL 230/460V-60Hz, 1/4 hp, 230VAC brake with hand release lever 31610034"
B91,C-face 230/460V-60Hz Standard Efficiency - Brakemotor Part Number,32110034,"71S/4-56C BRE5 HL 230/460V-60Hz, 1/3 hp, 230VAC brake with hand release lever 32110034",,,,,,"71S/4-56C BRE5 HL 230/460V-60Hz, 1/3 hp, 230VAC brake with hand release lever 32110034"
B91,C-face 230/460V-60Hz Standard Efficiency - Brakemotor Part Number,32610034,"71L/4-56C BRE5 HL 230/460V-60Hz, 1/2 hp, 230VAC brake with hand release lever 32610034",,,,,,"71L/4-56C BRE5 HL 230/460V-60Hz, 1/2 hp, 230VAC brake with hand release lever 32610034"
B91,C-face 230/460V-60Hz Standard Efficiency - Brakemotor Part Number,33110034,"80S/4-56C BRE10 HL 230/460V-60Hz, 3/4 hp, 230VAC brake with hand release lever 33110034",,,,,,"80S/4-56C BRE10 HL 230/460V-60Hz, 3/4 hp, 230VAC brake with hand release lever 33110034"
B91,C-face 230/460V-60Hz Standard Efficiency - Brakemotor Part Number,33610024,"80L/4-56C BRE10 HL 230/460V-60Hz, 1 hp, 230VAC brake with hand release lever 33610024",,,,,,"80L/4-56C BRE10 HL 230/460V-60Hz, 1 hp, 230VAC brake with hand release lever 33610024"
B91,C-face 230/460V-60Hz Energy Efficient - Brakemotor Part Number,33610082,"80LH/4-56C BRE10 HL 230/460V-60Hz, 1 hp, 230VAC brake with hand release lever 33610082",,,,,,"80LH/4-56C BRE10 HL 230/460V-60Hz, 1 hp, 230VAC brake with hand release lever 33610082"
B91,C-face 230/460V-60Hz Energy Efficient - Brakemotor Part Number,33610084,"80LH/4-143TC BRE 10 HL 230/460V-60Hz, 1 hp, 230VAC brake with hand release lever 33610084",,,,,,"80LH/4-143TC BRE 10 HL 230/460V-60Hz, 1 hp, 230VAC brake with hand release lever 33610084"
B91,C-face 230/460V-60Hz Energy Efficient - Brakemotor Part Number,34110084,"90SH/4-145TC BRE 20 HL 230/460V-60Hz, 1-1/2 hp, 230VAC brake with hand release lever 34110084",,,,,,"90SH/4-145TC BRE 20 HL 230/460V-60Hz, 1-1/2 hp, 230VAC brake with hand release lever 34110084"
B91,C-face 230/460V-60Hz Energy Efficient - Brakemotor Part Number,34610084,"90LH/4-145TC BRE 20 HL 230/460V-60Hz, 2 hp, 230VAC brake with hand release lever 34610084",,,,,,"90LH/4-145TC BRE 20 HL 230/460V-60Hz, 2 hp, 230VAC brake with hand release lever 34610084"
B91,C-face 230/460V-60Hz Energy Efficient - Brakemotor Part Number,35110084,"100LH/4-182TC BRE 40 HL 230/460V-60Hz, 3 hp, 230VAC brake with hand release lever 35110084",,,,,,"100LH/4-182TC BRE 40 HL 230/460V-60Hz, 3 hp, 230VAC brake with hand release lever 35110084"
B91,C-face 230/460V-60Hz Energy Efficient - Brakemotor Part Number,36110084,"112MH/4-184TC BRE 40 HL 230/460V-60Hz, 5 hp, 230VAC brake with hand release lever 36110084",,,,,,"112MH/4-184TC BRE 40 HL 230/460V-60Hz, 5 hp, 230VAC brake with hand release lever 36110084"
B91,C-face 230/460V-60Hz Premium Efficient - Brakemotor Part Number,33610282,"80LP/4-56C BRE10 HL 230/460V-60Hz, 1 hp, 230VAC brake with hand release lever 33610282",,,,,,"80LP/4-56C BRE10 HL 230/460V-60Hz, 1 hp, 230VAC brake with hand release lever 33610282"
B91,C-face 230/460V-60Hz Premium Efficient - Brakemotor Part Number,33610284,"80LP/4-143TC BRE 10 HL 230/460V-60Hz, 1 hp, 230VAC brake with hand release lever 33610284",,,,,,"80LP/4-143TC BRE 10 HL 230/460V-60Hz, 1 hp, 230VAC brake with hand release lever 33610284"
B91,C-face 230/460V-60Hz Premium Efficient - Brakemotor Part Number,33610286,"90SP/4-145TC BRE 20 HL 230/460V-60Hz, 1-1/2 hp, 230VAC brake with hand release lever 33610286",,,,,,"90SP/4-145TC BRE 20 HL 230/460V-60Hz, 1-1/2 hp, 230VAC brake with hand release lever 33610286"
B91,C-face 230/460V-60Hz Premium Efficient - Brakemotor Part Number,33610288,"90LP/4-145TC BRE 20 HL 230/460V-60Hz, 2 hp, 230VAC brake with hand release lever 33610288",,,,,,"90LP/4-145TC BRE 20 HL 230/460V-60Hz, 2 hp, 230VAC brake with hand release lever 33610288"
B91,C-face 230/460V-60Hz Premium Efficient - Brakemotor Part Number,33610290,"100LP/4-182TC BRE 40 HL 230/460V-60Hz, 3 hp, 230VAC brake with hand release lever 33610290",,,,,,"100LP/4-182TC BRE 40 HL 230/460V-60Hz, 3 hp, 230VAC brake with hand release lever 33610290"
B91,C-face 230/460V-60Hz Premium Efficient - Brakemotor Part Number,33610292,"112MP/4-184TC BRE 40 HL 230/460V-60Hz, 5 hp, 230VAC brake with hand release lever 33610292",,,,,,"112MP/4-184TC BRE 40 HL 230/460V-60Hz, 5 hp, 230VAC brake with hand release lever 33610292"
B91,C-face 575V-60Hz Standard Efficiency - Brakemotor Part Number,31110035,"63S/4-56C BRE5 HL 575V-60Hz, 1/6 hp, 575VAC brake with hand release lever 31110035",,,,,,"63S/4-56C BRE5 HL 575V-60Hz, 1/6 hp, 575VAC brake with hand release lever 31110035"
B91,C-face 575V-60Hz Standard Efficiency - Brakemotor Part Number,31610035,"63L/4-56C BRE5 HL 575V-60Hz, 1/4 hp, 575VAC brake with hand release lever 31610035",,,,,,"63L/4-56C BRE5 HL 575V-60Hz, 1/4 hp, 575VAC brake with hand release lever 31610035"
B91,C-face 575V-60Hz Standard Efficiency - Brakemotor Part Number,32110035,"71S/4-56C BRE5 HL 575V-60Hz, 1/3 hp, 575VAC brake with hand release lever 32110035",,,,,,"71S/4-56C BRE5 HL 575V-60Hz, 1/3 hp, 575VAC brake with hand release lever 32110035"
B91,C-face 575V-60Hz Standard Efficiency - Brakemotor Part Number,32610035,"71L/4-56C BRE5 HL 575V-60Hz, 1/2 hp, 575VAC brake with hand release lever 32610035",,,,,,"71L/4-56C BRE5 HL 575V-60Hz, 1/2 hp, 575VAC brake with hand release lever 32610035"
B91,C-face 575V-60Hz Standard Efficiency - Brakemotor Part Number,33110035,"80S/4-56C BRE10 HL 575V-60Hz, 3/4 hp, 575VAC brake with hand release lever 33110035",,,,,,"80S/4-56C BRE10 HL 575V-60Hz, 3/4 hp, 575VAC brake with hand release lever 33110035"
B91,C-face 575V-60Hz Standard Efficiency - Brakemotor Part Number,33610025,"80L/4-56C BRE10 HL 575V-60Hz, 1 hp, 575VAC brake with hand release lever 33610025",,,,,,"80L/4-56C BRE10 HL 575V-60Hz, 1 hp, 575VAC brake with hand release lever 33610025"
B91,C-face 575V-60Hz Energy Efficient - Brakemotor Part Number,33610083,"80LH/4-56C BRE10 HL 230/460V-60Hz, 1 hp, 230VAC brake with hand release lever 33610083",,,,,,"80LH/4-56C BRE10 HL 230/460V-60Hz, 1 hp, 230VAC brake with hand release lever 33610083"
B91,C-face 575V-60Hz Energy Efficient - Brakemotor Part Number,33610085,"80LH/4-143TC BRE 10 HL 575V-60Hz, 1 hp, 230VAC brake with hand release lever 33610085",,,,,,"80LH/4-143TC BRE 10 HL 575V-60Hz, 1 hp, 230VAC brake with hand release lever 33610085"
B91,C-face 575V-60Hz Energy Efficient - Brakemotor Part Number,34110085,"90SH/4-145TC BRE 20 HL 575V-60Hz, 1-1/2 hp, 230VAC brake with hand release lever 34110085",,,,,,"90SH/4-145TC BRE 20 HL 575V-60Hz, 1-1/2 hp, 230VAC brake with hand release lever 34110085"
B91,C-face 575V-60Hz Energy Efficient - Brakemotor Part Number,34610085,"90LH/4-145TC BRE 20 HL 575V-60Hz, 2 hp, 230VAC brake with hand release lever 34610085",,,,,,"90LH/4-145TC BRE 20 HL 575V-60Hz, 2 hp, 230VAC brake with hand release lever 34610085"
B91,C-face 575V-60Hz Energy Efficient - Brakemotor Part Number,35110085,"100LH/4-182TC BRE 40 HL 575V-60Hz, 3 hp, 230VAC brake with hand release lever 35110085",,,,,,"100LH/4-182TC BRE 40 HL 575V-60Hz, 3 hp, 230VAC brake with hand release lever 35110085"
B91,C-face 575V-60Hz Energy Efficient - Brakemotor Part Number,36110085,"112MH/4-184TC BRE 40 HL 575V-60Hz, 5 hp, 230VAC brake with hand release lever 36110085",,,,,,"112MH/4-184TC BRE 40 HL 575V-60Hz, 5 hp, 230VAC brake with hand release lever 36110085"
B91,C-face 575V-60Hz Premium Efficient - Brakemotor Part Number,33610283,"80LP/4-56C BRE10 HL 230/460V-60Hz, 1 hp, 230VAC brake with hand release lever 33610283",,,,,,"80LP/4-56C BRE10 HL 230/460V-60Hz, 1 hp, 230VAC brake with hand release lever 33610283"
B91,C-face 575V-60Hz Premium Efficient - Brakemotor Part Number,33610285,"80LP/4-143TC BRE 10 HL 575V-60Hz, 1 hp, 230VAC brake with hand release lever 33610285",,,,,,"80LP/4-143TC BRE 10 HL 575V-60Hz, 1 hp, 230VAC brake with hand release lever 33610285"
B91,C-face 575V-60Hz Premium Efficient - Brakemotor Part Number,34110285,"90SP/4-145TC BRE 20 HL 575V-60Hz, 1-1/2 hp, 230VAC brake with hand release lever 34110285",,,,,,"90SP/4-145TC BRE 20 HL 575V-60Hz, 1-1/2 hp, 230VAC brake with hand release lever 34110285"
B91,C-face 575V-60Hz Premium Efficient - Brakemotor Part Number,34610285,"90LP/4-145TC BRE 20 HL 575V-60Hz, 2 hp, 230VAC brake with hand release lever 34610285",,,,,,"90LP/4-145TC BRE 20 HL 575V-60Hz, 2 hp, 230VAC brake with hand release lever 34610285"
B91,C-face 575V-60Hz Premium Efficient - Brakemotor Part Number,35110285,"100LP/4-182TC BRE 40 HL 575V-60Hz, 3 hp, 230VAC brake with hand release lever 35110285",,,,,,"100LP/4-182TC BRE 40 HL 575V-60Hz, 3 hp, 230VAC brake with hand release lever 35110285"
B91,C-face 575V-60Hz Premium Efficient - Brakemotor Part Number,36110285,"112MP/4-184TC BRE 40 HL 575V-60Hz, 5 hp, 230VAC brake with hand release lever 36110285",,,,,,"112MP/4-184TC BRE 40 HL 575V-60Hz, 5 hp, 230VAC brake with hand release lever 36110285"
